0.15,0.999750327429769,-0.0173735785320424
0.164864864864865,0.999697730331164,-0.0191144449876157
0.17972972972973,0.99963990175321,-0.0208608334033217
0.194594594594595,0.999576767354168,-0.0226132851044538
0.209459459459459,0.999508245219824,-0.0243723531713145
0.224324324324324,0.999434245553592,-0.0261386036308804
0.239189189189189,0.999354670332587,-0.0279126167054993
0.254054054054054,0.999269412927183,-0.029694988124913
0.268918918918919,0.99917835768129,-0.0314863305083958
0.283783783783784,0.999081379450241,-0.0332872748243551
0.298648648648649,0.99897834309282,-0.0350984719353663
0.313513513513514,0.998869102913518,-0.0369205942373177
0.328378378378378,0.998753502050671,-0.0387543374021315
0.343243243243243,0.9986313718056,-0.0406004222344088
0.358108108108108,0.998502530907284,-0.0424595966533432
0.372972972972973,0.998366784706468,-0.044332637812359
0.387837837837838,0.998223924292356,-0.0462203543701847
0.402702702702703,0.998073725524202,-0.0481235889284791
0.417567567567568,0.997915947969202,-0.0500432206527084
0.432432432432432,0.997750333737003,-0.0519801680947604
0.447297297297297,0.99757660619995,-0.0539353922377871
0.462162162162162,0.997394468586821,-0.05590989978604
0.477027027027027,0.997203602436239,-0.0579047467250251
0.491891891891892,0.997003665894166,-0.0599210421802103
0.506756756756757,0.996794291837847,-0.0619599526058076
0.521621621621622,0.996575085806232,-0.0640227063388925
0.536486486486486,0.996345623714216,-0.0661105985583703
0.551351351351351,0.996105449324966,-0.0682249966931469
0.566216216216216,0.995854071451011,-0.0703673463293851
0.581081081081081,0.995590960850676,-0.0725391776730507
0.595945945945946,0.995315546781656,-0.0747421126311928
0.610810810810811,0.995027213167992,-0.0769778725837181
0.625675675675676,0.994725294330255,-0.0792482869269802
0.640540540540541,0.994409070221225,-0.0815553024815308
0.655405405405405,0.994077761100536,-0.0839009938691202
0.67027027027027,0.993730521571479,-0.0862875749787835
0.685135135135135,0.99336643389096,-0.0887174116589771
0.7,0.992984500449369,-0.0911930357926545
0.714864864864865,0.992583635300157,-0.0937171609354217
0.72972972972973,0.992162654598913,-0.096292699724104
0.744594594594595,0.991720265787854,-0.0989227832949551
0.759459459459459,0.991255055333236,-0.101610782988252
0.774324324324324,0.990765474789129,-0.104360334660277
0.789189189189189,0.990249824920176,-0.107175365976063
0.804054054054054,0.989706237566688,-0.110060127118406
0.818918918918919,0.989132654875934,-0.113019225422709
0.833783783783784,0.988526805451216,-0.116057664535614
0.848648648648649,0.987886176882385,-0.119180888801453
0.863513513513514,0.98720798401371,-0.122394833708153
0.878378378378378,0.986489132172954,-0.125705983378384
0.893243243243243,0.985726174422366,-0.129121436278724
0.908108108108108,0.984915261690333,-0.132648980547274
0.922972972972973,0.984052084390979,-0.136297180618633
0.937837837837838,0.983131803824456,-0.140075477167227
0.952702702702703,0.982148971255314,-0.143994302812191
0.967567567567568,0.981097432066596,-0.148065216550658
0.982432432432432,0.97997021175233,-0.152301060539083
0.997297297297297,0.978759379699482,-0.156716143660308
1.01216216216216,0.977455885666923,-0.161326457345036
1.02702702702703,0.976049362518712,-0.166149930423264
1.04189189189189,0.974527887010492,-0.171206731447967
1.05675675675676,0.972877688121625,-0.176519629072832
1.07162162162162,0.971082789379577,-0.182114423830603
1.08648648648649,0.969124567569172,-0.188020468256915
1.10135135135135,0.966981204781362,-0.194271297022563
1.11621621621622,0.964627003401344,-0.200905394972
1.13108108108108,0.962031523602028,-0.207967139273394
1.14594594594595,0.959158489096084,-0.215507963050991
1.16081081081081,0.955964387705211,-0.223587803014559
1.17567567567568,0.952396666369049,-0.232276914338699
1.19054054054054,0.948391382030883,-0.241658164730524
1.20540540540541,0.943870115136498,-0.251829959724073
1.22027027027027,0.938735873284254,-0.262910007916549
1.23513513513514,0.932867596665094,-0.2750402158895
1.25,0.926112705537052,-0.288393119773928
1.26486486486486,0.918276874017781,-0.303180432028567
1.27972972972973,0.909109828988445,-0.319664536260445
1.29459459459459,0.898285388969939,-0.338174143953914
1.30945945945946,0.885373072548092,-0.359125903805639
1.32432432432432,0.86979727509925,-0.383054634116322
1.33918918918919,0.850778065828674,-0.410656193407074
1.35405405405405,0.827245003129563,-0.442849043282267
1.36891891891892,0.797712405992676,-0.480863558644856
1.38378378378378,0.760103544525579,-0.526372213260194
1.39864864864865,0.711520823365814,-0.581678070961297
1.41351351351351,0.64800730110881,-0.649979024662713
1.42837837837838,0.564514878578912,-0.73570424476251
1.44324324324324,0.455796884777862,-0.844825161135647
1.45810810810811,0.320117849846566,-0.984743034092977
1.47297297297297,0.169008749269527,-1.16265383538722
1.48783783783784,0.0418401452764313,-1.38058716102964
1.5027027027027,0.00168883414839952,1.51478331049105
1.51756756756757,0.0819290146165251,1.26473818318037
1.53243243243243,0.242497300819173,1.03992127061067
1.5472972972973,0.415423383213758,0.854220370517156
1.56216216216216,0.561398775053242,0.707512952844724
1.57702702702703,0.672219097700022,0.593083585703772
1.59189189189189,0.753089289521597,0.503368793676227
1.60675675675676,0.81166241945563,0.432089537312963
1.62162162162162,0.854389842647302,0.374541213691903
1.63648648648649,0.88597311142785,0.327318036712556
1.65135135135135,0.909676179320953,0.287968756174389
1.66621621621622,0.927738002226826,0.254716978559047
1.68108108108108,0.941700414910887,0.226259359335922
1.69594594594595,0.952636927949601,0.201625724457856
1.71081081081081,0.961305515278096,0.18008309810948
1.72567567567568,0.968249435741263,0.161069644059697
1.74054054054054,0.973863917994471,0.144148765303364
1.75540540540541,0.978440668201585,0.128976816271977
1.77027027027027,0.982197941115127,0.115280084336287
1.78513513513514,0.985301134383519,0.102838155006239
1.8,0.98787709014179,0.0914717294015384
1.81486486486486,0.990024164020813,0.0810335876069446
1.82972972972973,0.991819409024239,0.0714018037142633
1.84459459459459,0.993323766442922,0.0624745928321148
1.85945945945946,0.994585862132966,0.0541663551872488
1.87432432432432,0.995644814604653,0.0464046084058576
1.88918918918919,0.996532334526073,0.0391275859406088
1.90405405405405,0.997274310348456,0.0322823402417792
1.91891891891892,0.997892017239274,0.0258232320772265
1.93378378378378,0.9984030470696,0.0197107179643715
1.94864864864865,0.998822029847691,0.0139103697255861
1.96351351351351,0.999161197807717,0.00839207624878764
1.97837837837838,0.999430829767378,0.00312938936224594
1.99324324324324,0.999639603635542,-0.00190101548253177
2.00810810810811,0.99979487791654,-0.00671978644352525
2.02297297297297,0.999902917926675,-0.0113452681868379
2.03783783783784,0.999969078663098,-0.0157938144140763
2.0527027027027,0.999997953464285,-0.0200800510752071
2.06756756756757,0.99999349550685,-0.0242170990777969
2.08243243243243,0.999959117605456,-0.0282167635561264
2.0972972972973,0.999897774585195,-0.0320896953952197
2.11216216216216,0.999812031580969,-0.0358455296265048
2.12702702702703,0.999704120914903,-0.0394930044571244
2.14189189189189,0.999575989658495,-0.0430400640136111
2.15675675675676,0.999429339562424,-0.046493947334669
2.17162162162162,0.999265660705292,-0.0498612657079983
2.18648648648649,0.999086259951418,-0.0531480700900967
2.20135135135135,0.998892285101295,-0.0563599100584254
2.21621621621622,0.998684745454021,-0.0595018855087879
2.23108108108108,0.998464529369791,-0.0625786921166806
2.24594594594595,0.998232419315226,-0.065594661421466
2.26081081081081,0.997989104789344,-0.0685537962599432
2.27567567567568,0.997735193459288,-0.0714598021660544
2.29054054054054,0.997471220778998,-0.0743161152619193
2.30540540540541,0.997197658318423,-0.0771259270888354
2.32027027027027,0.996914920993501,-0.0798922067626197
2.33513513513514,0.996623373356423,-0.08261772078357
2.35,0.996323335080358,-0.0853050507856284
2.36486486486486,0.996015085751826,-0.0879566094706082
2.37972972972973,0.995698869066495,-0.0905746549404516
2.39459459459459,0.995374896509647,-0.0931613036124463
2.40945945945946,0.995043350590458,-0.0957185418783763
2.42432432432432,0.994704387689017,-0.0982482366480536
2.43918918918919,0.994358140566523,-0.100752144900049
2.45405405405405,0.994004720581855,-0.103231922347257
2.46891891891892,0.993644219651632,-0.10568913131182
2.48378378378378,0.993276711985739,-0.10812524789261
2.49864864864865,0.99290225562589,-0.110541668498616
2.51351351351351,0.992520893811085,-0.112939715813051
2.52837837837838,0.992132656190638,-0.115320644245546
2.54324324324324,0.991737559902712,-0.117685644923309
2.55810810810811,0.991335610533979,-0.12003585026643
2.57297297297297,0.990926802974012,-0.122372338187554
2.58783783783784,0.990511122176293,-0.12469613595177
2.6027027027027,0.990088543836214,-0.127008223728713
2.61756756756757,0.989659034995188,-0.129309537865498
2.63243243243243,0.989222554578854,-0.131600973906127
2.6472972972973,0.988779053876383,-0.133883389380337
2.66216216216216,0.988328476967089,-0.136157606382558
2.67702702702703,0.987870761099756,-0.138424413959556
2.69189189189189,0.987405837029521,-0.14068457032347
2.70675675675676,0.986933629316532,-0.142938804905371
2.72162162162162,0.98645405659017,-0.145187820262947
2.73648648648649,0.985967031782118,-0.147432293854658
2.75135135135135,0.985472462331288,-0.149672879691518
2.76621621621622,0.984970250363183,-0.15191020987663
2.78108108108108,0.984460292846036,-0.154144896041666
2.79594594594595,0.983942481725818,-0.156377530688628
2.81081081081081,0.983416704041918,-0.158608688444506
2.82567567567568,0.982882842025192,-0.160838927235751
2.84054054054054,0.982340773179797,-0.163068789388863
2.8554054054054,0.981790370350144,-0.165298802662871
2.87027027027027,0.981231501774135,-0.16752948121897
2.88513513513514,0.98066403112371,-0.16976132653213
2.9,0.98008781753365,-0.171994828249091
2.91486486486486,0.979502715619451,-0.174230464996796
2.92972972972973,0.978908575485017,-0.176468705144975
2.94459459459459,0.978305242720837,-0.178710007526287
2.95945945945946,0.977692558393211,-0.18095482211717
2.97432432432432,0.977070359025094,-0.183203590682274
2.98918918918919,0.976438476568968,-0.185456747385148
3.00405405405405,0.975796738372205,-0.187714719367641
3.01891891891892,0.975144967135268,-0.189977927300269
3.03378378378378,0.974482980863071,-0.192246785905659
3.04864864864865,0.973810592809798,-0.194521704456997
3.06351351351351,0.973127611417425,-0.196803087253286
3.07837837837838,0.972433840248171,-0.199091334073064
3.09324324324324,0.971729077911061,-0.201386840608132
3.10810810810811,0.971013117982787,-0.203689998878735
3.12297297297297,0.970285748922985,-0.206001197631505
3.13783783783784,0.969546753984067,-0.208320822721423
3.1527027027027,0.968795911115702,-0.210649257478961
3.16756756756757,0.96803299286403,-0.212986883063449
3.18243243243243,0.967257766265673,-0.215334078803711
3.1972972972973,0.966469992736598,-0.217691222526878
3.21216216216216,0.965669427955867,-0.220058690876267
3.22702702702703,0.964855821744293,-0.222436859619154
3.24189189189189,0.96402891793802,-0.224826103945195
3.25675675675676,0.963188454257021,-0.227226798756231
3.27162162162162,0.962334162168516,-0.229639318948147
3.28648648648649,0.961465766745266,-0.232064039685428
3.30135135135135,0.960582986518742,-0.234501336669007
3.31621621621622,0.959685533327118,-0.236951586397976
3.33108108108108,0.958773112158035,-0.239415166425683
3.34594594594595,0.957845420986105,-0.241892455610741
3.36081081081081,0.956902150605078,-0.244383834363393
3.37567567567568,0.955942984454612,-0.246889684887717
3.39054054054054,0.95496759844158,-0.249410391420075
3.40540540540541,0.953975660755836,-0.251946340464224
3.42027027027027,0.952966831680353,-0.254497921023471
3.43513513513514,0.951940763395648,-0.257065524830244
3.45,0.950897099778416,-0.259649546573411
3.46486486486486,0.949835476194269,-0.262250384123715
3.47972972972973,0.948755519284474,-0.264868438757599
3.49459459459459,0.947656846746614,-0.267504115379772
3.50945945945946,0.946539067109046,-0.270157822744765
3.52432432432432,0.945401779499067,-0.272829973677791
3.53918918918919,0.944244573404663,-0.275520985295159
3.55405405405405,0.943067028429762,-0.278231279224499
3.56891891891892,0.941868714042847,-0.280961281825055
3.58378378378378,0.940649189318846,-0.283711424408288
3.59864864864865,0.939408002674176,-0.286482143458994
3.61351351351351,0.938144691594846,-0.2892738808572
3.62837837837838,0.936858782357485,-0.292087084101006
3.64324324324324,0.935549789743222,-0.294922206530624
3.65810810810811,0.934217216744295,-0.297779707553781
3.67297297297297,0.932860554263284,-0.300660052872693
3.68783783783784,0.931479280804905,-0.303563714712805
3.7027027027027,0.930072862160222,-0.306491172053459
3.71756756756757,0.92864075108325,-0.309442910860682
3.73243243243243,0.927182386959822,-0.312419424322256
3.7472972972973,0.925697195468685,-0.315421213085233
3.76216216216216,0.924184588234741,-0.318448785496056
3.77702702702703,0.922643962474398,-0.321502657843438
3.79189189189189,0.921074700632985,-0.324583354604148
3.80675675675676,0.919476170014207,-0.327691408691835
3.82162162162162,0.917847722401627,-0.330827361709045
3.83648648648649,0.916188693672195,-0.333991764202536
3.85135135135135,0.914498403401824,-0.337185175922039
3.86621621621622,0.912776154463086,-0.340408166082566
3.88108108108108,0.911021232615074,-0.343661313630377
3.89594594594595,0.909232906085543,-0.346945207512722
3.91081081081081,0.907410425145429,-0.350260446951433
3.92567567567568,0.905553021675928,-0.353607641720478
3.94054054054054,0.903659908728288,-0.35698741242754
3.95540540540541,0.901730280076557,-0.360400390799696
3.97027027027027,0.899763309763557,-0.363847219973264
3.98513513513514,0.897758151640367,-0.367328554787862
4,0.895713938899689,-0.370845062084723
4.01486486486486,0.893629783603506,-0.374397421009295
4.02972972972973,0.891504776205488,-0.377986323318136
4.04459459459459,0.889337985068681,-0.381612473690121
4.05945945945946,0.887128455979086,-0.385276590041925
4.07432432432432,0.884875211655776,-0.388979403847778
4.08918918918919,0.882577251258323,-0.392721660463424
4.10405405405405,0.880233549892371,-0.396504119454236
4.11891891891892,0.877843058114274,-0.40032755492739
4.13378378378378,0.875404701435865,-0.404192755868001
4.14864864864865,0.872917379830464,-0.408100526479074
4.16351351351351,0.870379967241426,-0.412051686525134
4.17837837837838,0.867791311094616,-0.416047071679329
4.19324324324324,0.865150231816322,-0.420087533873815
4.20810810810811,0.86245552235835,-0.424173941653154
4.22297297297297,0.85970594773208,-0.428307180530454
4.23783783783784,0.856900244553567,-0.43248815334594
4.2527027027027,0.85403712060188,-0.436717780627576
4.26756756756757,0.851115254393071,-0.440997000953351
4.28243243243243,0.848133294772455,-0.445326771314782
4.2972972972973,0.845089860528027,-0.449708067481111
4.31216216216216,0.841983540028157,-0.454141884363669
4.32702702702703,0.838812890886947,-0.458629236379774
4.34189189189189,0.835576439660913,-0.463171157815488
4.35675675675676,0.83227268158099,-0.46776870318651
4.37162162162162,0.828900080324166,-0.472422947596357
4.38648648648649,0.825457067829396,-0.477134987090968
4.40135135135135,0.821942044162856,-0.48190593900874
4.41621621621622,0.818353377437947,-0.48673694232494
4.43108108108108,0.814689403795928,-0.491629157989327
4.44594594594595,0.810948427453488,-0.496583769255726
4.46081081081081,0.807128720824029,-0.501601982002194
4.47567567567568,0.803228524719984,-0.506685025040279
4.49054054054054,0.799246048643987,-0.51183415041178
4.5054054054054,0.795179471177299,-0.517050633671262
4.52027027027027,0.791026940474502,-0.522335774152468
4.53513513513513,0.786786574874085,-0.527690895216571
4.55,0.782456463635214,-0.533117344480126
4.56486486486487,0.778034667811689,-0.538616494020354
4.57972972972973,0.773519221274794,-0.544189740555239
4.59459459459459,0.768908131897531,-0.54983850559575
4.60945945945946,0.764199382913497,-0.555564235567259
4.62432432432432,0.759390934464494,-0.56136840189708
4.63918918918919,0.754480725351837,-0.567252501064776
4.65405405405405,0.749466675007148,-0.573218054611711
4.66891891891892,0.744346685699361,-0.579266609106036
4.68378378378378,0.739118644995605,-0.58539973605908
4.69864864864865,0.733780428494494,-0.591619031788851
4.71351351351351,0.728329902851377,-0.597926117226075
4.72837837837838,0.722764929116012,-0.604322637657907
4.74324324324324,0.717083366404071,-0.610810262404207
4.75810810810811,0.711283075924836,-0.6173906844209
4.77297297297297,0.705361925388347,-0.624065619824692
4.78783783783784,0.699317793816134,-0.630836807333065
4.8027027027027,0.693148576780507,-0.637706007613163
4.81756756756757,0.686852192098127,-0.644675002532837
4.83243243243243,0.680426586004255,-0.651745594306819
4.8472972972973,0.673869739834691,-0.65891960453061
4.86216216216216,0.667179677242815,-0.666198873094397
4.87702702702703,0.660354471979477,-0.673585256968933
4.89189189189189,0.653392256263603,-0.681080628855031
4.90675675675676,0.646291229771277,-0.688686875687994
4.92162162162162,0.639049669270749,-0.696405896988025
4.93648648648649,0.631665938930182,-0.704239603047372
4.95135135135135,0.624138501324025,-0.712189912944738
4.96621621621622,0.616465929162606,-0.720258752377256
4.98108108108108,0.608646917767754,-0.728448051300154
4.99594594594595,0.600680298315184,-0.736759741364122
5.01081081081081,0.592565051861541,-0.745195753140304
5.02567567567568,0.584300324170823,-0.753758013122841
5.04054054054054,0.575885441350924,-0.762448440498934
5.0554054054054,0.567319926306442,-0.771268943676585
5.07027027027027,0.558603516008536,-0.780221416560388
5.08513513513513,0.549736179576411,-0.789307734566107
5.1,0.540718137157965,-0.798529750365272
5.11486486486486,0.531549879589112,-0.80788928935162
5.12972972972973,0.522232188802312,-0.817388144822002
5.14459459459459,0.512766158944818,-0.827028072865296
5.15945945945946,0.503153218156032,-0.836810786953995
5.17432432432432,0.493395150941142,-0.846737952234478
5.18918918918919,0.483494121064906,-0.856811179513489
5.20405405405405,0.473452694874951,-0.86703201894016
5.21891891891892,0.463273864948408,-0.877401953384924
5.23378378378378,0.452961073939094,-0.887922391518982
5.24864864864865,0.442518238484802,-0.898594660600583
5.26351351351351,0.431949773015769,-0.909419998977284
5.27837837837838,0.421260613286147,-0.920399548316525
5.29324324324324,0.410456239430391,-0.931534345580512
5.30810810810811,0.399542698326343,-0.942825314765176
5.32297297297297,0.388526625026377,-0.954273258427366
5.33783783783784,0.377415262997894,-0.965878849028987
5.3527027027027,0.366216482894888,-0.977642620131853
5.36756756756757,0.35493879956365,-0.989564957482497
5.38243243243243,0.343591386968538,-1.00164609003196
5.3972972972973,0.332184090708499,-1.01388608094192
5.41216216216216,0.320727437782219,-1.02628481863526
5.42702702702703,0.309232643250171,-1.03884200795652
5.44189189189189,0.297711613435798,-1.0515571615153
5.45675675675676,0.286176945306466,-1.06442959129455
5.47162162162162,0.274641921678253,-1.07745840061461
5.48648648648649,0.263120501897608,-1.09064247655436
5.50135135135135,0.251627307668335,-1.10398048294248
5.51621621621622,0.240177603714514,-1.11747085404469
5.53108108108108,0.228787272999604,-1.13111178908871
5.54594594594595,0.21747278625943,-1.14490124778695
5.56081081081081,0.206251165652387,-1.15883694703972
5.57567567567568,0.195139942384223,-1.17291635903054
5.59054054054054,0.184157108227373,-1.18713671096206
5.60540540540541,0.173321060925761,-1.20149498673004
5.62027027027027,0.162650543555429,-1.21598793089871
5.63513513513514,0.15216457799882,-1.23061205543136
5.65,0.141882392785905,-1.24536364975619
5.66486486486486,0.131823345658703,-1.26023879492671
5.67972972972973,0.122006841327104,-1.27523338289388
5.69459459459459,0.112452245004709,-1.29034314228476
5.70945945945946,0.103178792446009,-1.30556367264392
5.72432432432432,0.0942054973558967,-1.32089048994329
5.73918918918919,0.0855510572193171,-1.3363190874765
5.75405405405405,0.0772337588211919,-1.3518450183179
5.76891891891892,0.0692713850290205,-1.36746400885471
5.78378378378378,0.0616811248569147,-1.38317211841348
5.79864864864865,0.0544794895430346,-1.39896596940754
5.81351351351351,0.0476822385950435,-1.41484308904034
5.82837837837838,0.0413043219892249,-1.43080243409506
5.84324324324324,0.0353598490275765,-1.44684522893906
5.85810810810811,0.0298621032418466,-1.46297636561561
5.87297297297297,0.024823642297913,-1.47920687120771
5.88783783783784,0.0202565685489125,-1.49555854483085
5.9027027027027,0.0161731789875458,-1.51207339585736
5.91756756756757,0.0125875720505968,-1.52883493303757
5.93243243243243,0.009520099558681,-1.54602334206032
5.9472972972973,0.0070125162223249,-1.56409047111311
5.96216216216216,0.00520218836445659,-1.58453206784462
5.97702702702703,0.00516307312272447,-1.61683180290688
5.99189189189189,0.00273119988997921,1.61146850632874
6.00675675675676,8.22329954036585e-07,1.54076030060199
6.02162162162162,0.000107285475357709,1.51607357923463
6.03648648648649,0.000549642768678157,1.49713104324799
6.05135135135135,0.00141667716325064,1.47976638845335
6.06621621621622,0.00273245827357998,1.46310163381763
6.08108108108108,0.00450157037295802,1.44683448590744
6.09594594594595,0.00672087849357844,1.43083493687315
6.11081081081081,0.0093833443160274,1.41503958133775
6.12567567567568,0.0124795414653076,1.39941518660353
6.14054054054054,0.015998369194169,1.38394375270477
6.15540540540541,0.0199274452190723,1.3686155879643
6.17027027027027,0.024253355812027,1.35342579128788
6.18513513513513,0.0289618367088126,1.3383723323654
6.2,0.0340379178099816,1.32345494181966
6.21486486486487,0.0394660473711294,1.30867443860536
6.22972972972973,0.0452302034586591,1.29403230617962
6.24459459459459,0.0513139965993232,1.27953041667579
6.25945945945946,0.0577007655986998,1.26517084660507
6.27432432432432,0.0643736674837215,1.25095575112322
6.28918918918919,0.0713157619865248,1.2368872769268
6.30405405405405,0.0785100907084389,1.22296750133668
6.31891891891892,0.0859397509684358,1.20919838957881
6.33378378378378,0.0935879642874719,1.19558176499702
6.34864864864865,0.101438139453892,1.18211928864324
6.36351351351351,0.109473930134931,1.16881244579062
6.37837837837838,0.117679287033246,1.15566253763811
6.39324324324324,0.126038504627667,1.14267067695939
6.40810810810811,0.13453626257937,1.12983778678045
6.42297297297297,0.143157661925345,1.1171646014001
6.43783783783784,0.151888256218635,1.10465166923136
6.4527027027027,0.160714077808081,1.09229935705868
6.46756756756757,0.169621659478824,1.08010785539244
6.48243243243243,0.178598051698072,1.06807718466632
6.4972972972973,0.187630835728916,1.05620720207184
6.51216216216216,0.196708132888176,1.04449760886217
6.52702702702703,0.20581861023287,1.03294795798665
6.54189189189189,0.214951482964221,1.02155766194128
6.55675675675676,0.224096513838489,1.01032600073939
6.57162162162162,0.233244009870987,0.999252129922603
6.58648648648649,0.242384816613675,0.988335088545192
6.60135135135135,0.251510310278301,0.977573807076028
6.61621621621622,0.26061238796653,0.966967115171826
6.63108108108108,0.269683456256403,0.956513749283334
6.64594594594595,0.278716418381009,0.946212360063198
6.66081081081081,0.287704660220965,0.936061519550223
6.67567567567568,0.296642035317362,0.926059728110059
6.69054054054054,0.305522849096591,0.916205421116909
6.70540540540541,0.31434184248316,0.906496975364852
6.72027027027027,0.323094175061407,0.896932715200872
6.73513513513513,0.331775407932137,0.887510918374717
6.75,0.34038148639578,0.87822982160328
6.76486486486487,0.348908722579751,0.869087625849554
6.77972972972973,0.357353778114533,0.860082501318032
6.79459459459459,0.365713646950394,0.851212592170166
6.80945945945946,0.373985638394992,0.842476020964853
6.82432432432432,0.382167360441075,0.833870892830047
6.83918918918919,0.390256703443355,0.825395299372619
6.85405405405405,0.398251824194242,0.817047322334291
6.86891891891892,0.406151130439571,0.808825037002118
6.88378378378378,0.413953265867574,0.800726515382447
6.89864864864865,0.421657095597355,0.792749829147612
6.91351351351351,0.429261692186662,0.784893052364873
6.92837837837838,0.436766322173142,0.777154264017207
6.94324324324324,0.444170433158119,0.769531550325631
6.95810810810811,0.45147364143751,0.762023006882706
6.97297297297297,0.458675720180548,0.754626740606778
6.98783783783784,0.465776588153581,0.747340871526364
7.0027027027027,0.472776298983246,0.74016353440394
7.01756756756757,0.479675030950824,0.733092880208124
7.03243243243243,0.486473077307458,0.72612707744304
7.0472972972973,0.493170837098101,0.71926431334334
7.06216216216216,0.499768806480681,0.712502794943101
7.07702702702703,0.506267570525714,0.705840750026494
7.09189189189189,0.512667795480773,0.699276427967802
7.10675675675676,0.518970221483467,0.692808100468065
7.12162162162162,0.525175655706119,0.686434062195299
7.13648648648649,0.531284965915053,0.680152631334901
7.15135135135135,0.537299074427186,0.673962150056554
7.16621621621622,0.543218952446645,0.667860984903622
7.18108108108108,0.549045614764199,0.661847527110709
7.19594594594595,0.554780114802471,0.655920192854756
7.21081081081081,0.560423539990198,0.650077423444767
7.22567567567568,0.565977007449109,0.644317685454949
7.24054054054054,0.571441659977394,0.638639470805796
7.2554054054054,0.576818662314212,0.633041296797353
7.27027027027027,0.582109197670089,0.627521706098675
7.28513513513513,0.587314464508631,0.622079266697223
7.3,0.592435673565473,0.616712571811708
7.31486486486487,0.597474045090891,0.611420239771684
7.32972972972973,0.602430806303109,0.606200913866968
7.34459459459459,0.607307189039837,0.601053262169747
7.35945945945946,0.612104427596124,0.595975977332083
7.37432432432432,0.61682375673719,0.590967776361279
7.38918918918919,0.621466409875381,0.586027400375466
7.40405405405405,0.626033617400976,0.581153614341552
7.41891891891892,0.630526605157037,0.576345206797556
7.43378378378378,0.634946593049027,0.571600989561169
7.44864864864865,0.639294793780399,0.566919797426299
7.46351351351351,0.643572411705816,0.56230048784917
7.47837837837838,0.647780641794132,0.557741940625462
7.49324324324324,0.651920668693701,0.553243057559856
7.50810810810811,0.655993665892979,0.548802762129241
7.52297297297297,0.660000794969821,0.54441999914073
7.53783783783784,0.663943204923217,0.540093734385558
7.5527027027027,0.667822031581626,0.535822954289835
7.56756756756757,0.67163839708237,0.531606665563043
7.58243243243243,0.675393409416927,0.527443894845105
7.5972972972973,0.679088162037235,0.523333688352764
7.61216216216216,0.682723733518468,0.519275111525957
7.62702702702703,0.686301187273984,0.515267248674802
7.64189189189189,0.68982157131845,0.511309202627764
7.65675675675676,0.693285918075386,0.507400094381503
7.67162162162162,0.696695244225619,0.503539062752875
7.68648648648649,0.700050550593365,0.499725264033475
7.70135135135135,0.703352822066873,0.495957871647132
7.71621621621622,0.706603027550765,0.49223607581065
7.73108108108108,0.7098021199474,0.488559083198114
7.74594594594595,0.712951036164781,0.484926116609015
7.76081081081081,0.716050697148665,0.481336414640428
7.77567567567568,0.719102007936726,0.477789231363434
7.79054054054054,0.722105857732751,0.474283836003986
7.8054054054054,0.72506311999901,0.470819512628341
7.82027027027027,0.727974652565035,0.467395559833206
7.83513513513513,0.730841297751215,0.464011290440706
7.85,0.733663882505695,0.460666031198251
7.86486486486486,0.736443218553181,0.457359122483388
7.87972972972973,0.739180102554377,0.454089918013683
7.89459459459459,0.741875316274845,0.450857784561684
7.90945945945946,0.74452962676218,0.447662101674988
7.92432432432432,0.747143786530487,0.444502261401428
7.93918918918919,0.749718533751204,0.441377668019389
7.95405405405405,0.752254592449412,0.438287737773245
7.96891891891892,0.754752672704806,0.435231898613906
7.98378378378378,0.757213470856599,0.432209589944457
7.99864864864865,0.759637669711682,0.429220262370842
8.01351351351351,0.762025938755387,0.426263377457588
8.02837837837838,0.764378934364309,0.423338407488496
8.04324324324324,0.766697300020624,0.420444835232272
8.05810810810811,0.768981666527452,0.417582153713043
8.07297297297297,0.77123265222479,0.414749865985698
8.08783783783784,0.773450863205631,0.411947484915989
8.1027027027027,0.775636893531896,0.409174532965349
8.11756756756757,0.777791325449834,0.406430541980345
8.13243243243243,0.779914729604596,0.403715052986697
8.1472972972973,0.7820076652537,0.401027615987808
8.16216216216216,0.784070680479137,0.398367789767719
8.17702702702703,0.7861043123979,0.395735141698418
8.19189189189189,0.788109087370715,0.393129247551446
8.20675675675676,0.790085521208825,0.390549691313689
8.22162162162162,0.792034119378626,0.387996065007329
8.23648648648649,0.793955377204044,0.385467968513828
8.25135135135135,0.795849780066506,0.382965009401906
8.26621621621622,0.797717803602402,0.380486802759419
8.28108108108108,0.799559913897938,0.378032971029061
8.29594594594595,0.801376567681303,0.375603143847822
8.31081081081081,0.803168212512059,0.373196957890118
8.32567567567568,0.804935286967718,0.370814056714519
8.34054054054054,0.806678220827438,0.368454090614007
8.3554054054054,0.808397435252797,0.366116716469679
8.37027027027027,0.810093342965629,0.363801597607825
8.38513513513514,0.811766348422872,0.361508403660321
8.4,0.813416847988435,0.359236810428237
8.41486486486487,0.815045230102058,0.356986499748624
8.42972972972973,0.816651875445159,0.354757159364376
8.44459459459459,0.818237157103689,0.352548482797123
8.45945945945946,0.819801440727965,0.350360169223076
8.47432432432432,0.821345084689536,0.348191923351756
8.48918918918919,0.822868440235054,0.346043455307549
8.50405405405405,0.824371851637195,0.343914480514008
8.51891891891892,0.825855656342646,0.341804719580858
8.53378378378378,0.827320185117172,0.339713898193626
8.54864864864865,0.828765762187808,0.337641747005835
8.56351351351351,0.830192705382189,0.335588001533716
8.57837837837838,0.831601326265061,0.333552402053361
8.59324324324324,0.832991930271998,0.331534693500272
8.60810810810811,0.834364816840372,0.329534625371245
8.62297297297297,0.835720279537599,0.32755195162853
8.63783783783784,0.837058606186709,0.325586430606221
8.6527027027027,0.838380078989277,0.32363782491881
8.66756756756757,0.839684974645753,0.321705901371871
8.68243243243243,0.840973564473232,0.319790430874807
8.6972972972973,0.842246114520706,0.317891188355612
8.71216216216216,0.843502885681845,0.316007952677613
8.72702702702703,0.844744133805337,0.314140506558125
8.74189189189189,0.845970109802844,0.312288636488994
8.75675675675676,0.84718105975461,0.310452132658953
8.77162162162162,0.848377225012754,0.308630788877783
8.78648648648649,0.849558842302312,0.306824402502205
8.80135135135135,0.850726143820056,0.305032774363477
8.81621621621622,0.851879357331133,0.303255708696648
8.83108108108108,0.853018706263573,0.301493013071431
8.84594594594595,0.854144409800698,0.299744498324659
8.86081081081081,0.855256682971491,0.298009978494277
8.87567567567567,0.85635573673895,0.296289270754836
8.89054054054054,0.857441778086465,0.294582195354465
8.90540540540541,0.858515010102288,0.292888575553253
8.92027027027027,0.859575632062093,0.291208237563051
8.93513513513513,0.86062383950971,0.289541010488616
8.95,0.861659824336029,0.287886726270095
8.96486486486486,0.862683774856155,0.286245219626803
8.97972972972973,0.863695875884814,0.284616328002261
8.99459459459459,0.864696308810078,0.282999891510474
9.00945945945946,0.865685251665422,0.281395752883412
9.02432432432432,0.866662879200172,0.279803757419659
9.03918918918919,0.867629362948357,0.278223752934217
9.05405405405405,0.868584871296017,0.276655589709424
9.06891891891892,0.869529569546995,0.275099120446961
9.08378378378378,0.870463619987248,0.273554200220926
9.09864864864865,0.871387181947707,0.272020686431949
9.11351351351351,0.872300411865726,0.270498438762317
9.12837837837838,0.873203463345146,0.268987319132086
9.14324324324324,0.874096487215005,0.267487191656168
9.15810810810811,0.874979631586928,0.265997922602346
9.17297297297297,0.87585304191123,0.264519380350224
9.18783783783784,0.876716861031756,0.263051435351058
9.2027027027027,0.877571229239479,0.261593960088475
9.21756756756757,0.878416284324917,0.260146829040043
9.23243243243243,0.879252161629346,0.258709918639668
9.2472972972973,0.880078994094886,0.257283107240819
9.26216216216216,0.880896912313456,0.255866275080533
9.27702702702703,0.881706044574635,0.254459304244207
9.29189189189189,0.882506516912447,0.253062078631141
9.30675675675676,0.883298453151109,0.25167448392082
9.32162162162162,0.884081974949754,0.250296407539923
9.33648648648649,0.884857201846152,0.248927738630029
9.35135135135135,0.885624251299465,0.247568368016018
9.36621621621622,0.886383238732046,0.246218188175139
9.38108108108108,0.887134277570307,0.244877093206731
9.39594594594594,0.887877479284687,0.243544978802596
9.41081081081081,0.888612953428727,0.242221742217982
9.42567567567568,0.889340807677277,0.240907282243186
9.44054054054054,0.890061147863875,0.239601499175754
9.45540540540541,0.890774078017278,0.238304294793256
9.47027027027027,0.891479700397201,0.237015572326635
9.48513513513513,0.89217811552927,0.23573523643411
9.5,0.892869422239201,0.234463193175624
9.51486486486487,0.893553717686225,0.233199349987816
9.52972972972973,0.894231097395795,0.231943615659517
9.54459459459459,0.894901655291558,0.230695900307747
9.55945945945946,0.895565483726648,0.229456115354208
9.57432432432432,0.896222673514278,0.22822417350226
9.58918918918919,0.896873313957679,0.226999988714368
9.60405405405406,0.897517492879382,0.225783476190006
9.61891891891892,0.898155296649866,0.224574552344019
9.63378378378378,0.898786810215582,0.22337313478542
9.64864864864865,0.899412117126379,0.222179142296613
9.66351351351351,0.900031299562326,0.220992494813044
9.67837837837838,0.900644438359967,0.219813113403256
9.69324324324324,0.901251613038003,0.218640920249352
9.70810810810811,0.901852901822429,0.217475838627841
9.72297297297297,0.902448381671123,0.216317792890874
9.73783783783784,0.903038128297922,0.215166708447853
9.7527027027027,0.903622216196169,0.214022511747407
9.76756756756757,0.904200718661772,0.212885130259723
9.78243243243243,0.904773707815759,0.21175449245923
9.7972972972973,0.905341254626366,0.210630527807624
9.81216216216216,0.90590342893065,0.209513166737226
9.82702702702703,0.906460299455644,0.208402340634673
9.84189189189189,0.907011933839071,0.207297981824919
9.85675675675676,0.907558398649618,0.206200023555559
9.87162162162162,0.908099759406779,0.205108399981452
9.88648648648649,0.908636080600293,0.204023046149647
9.90135135135135,0.909167425709167,0.202943897984596
9.91621621621622,0.909693857220297,0.201870892273663
9.93108108108108,0.910215436646714,0.200803966652902
9.94594594594595,0.910732224545438,0.199743059593117
9.96081081081081,0.911244280534966,0.198688110386184
9.97567567567568,0.9117516633124,0.197639059131639
9.99054054054054,0.912254430670214,0.196595846723521
10.0054054054054,0.912752639512681,0.195558414837465
10.0202702702703,0.913246345871957,0.194526705918042
10.0351351351351,0.913735604923839,0.193500663166335
10.05,0.914220471003199,0.192480230527757
10.0648648648649,0.914700997619094,0.191465352680091
10.0797297297297,0.915177237469578,0.190455975021762
10.0945945945946,0.915649242456209,0.189452043660324
10.1094594594595,0.916117063698257,0.188453505401164
10.1243243243243,0.91658075154663,0.187460307736418
10.1391891891892,0.917040355597508,0.186472398834094
10.1540540540541,0.917495924705714,0.185489727527391
10.1689189189189,0.917947506997807,0.184512243304227
10.1837837837838,0.918395149884915,0.183539896296949
10.1986486486486,0.918838900075306,0.182572637272238
10.2135135135135,0.919278803586713,0.181610417621204
10.2283783783784,0.919714905758411,0.180653189349651
10.2432432432432,0.920147251263048,0.179700905068533
10.2581081081081,0.920575884118251,0.178753517984573
10.272972972973,0.92100084769799,0.177810981891063
10.2878378378378,0.921422184743721,0.176873251158819
10.3027027027027,0.921839937375317,0.175940280727315
10.3175675675676,0.922254147101769,0.175012026095959
10.3324324324324,0.922664854831687,0.174088443315543
10.3472972972973,0.923072100883591,0.173169488979837
10.3621621621622,0.923475924995999,0.172255120217335
10.377027027027,0.923876366337323,0.171345294683148
10.3918918918919,0.924273463515564,0.170439970551049
10.4067567567568,0.924667254587827,0.169539106505646
10.4216216216216,0.925057777069644,0.168642661734704
10.4364864864865,0.925445067944121,0.167750595921605
10.4513513513514,0.925829163670906,0.166862869237926
10.4662162162162,0.926210100194984,0.165979442336168
10.4810810810811,0.926587912955303,0.165100276342597
10.4959459459459,0.926962636893237,0.164225332850214
10.5108108108108,0.927334306460882,0.163354573911856
10.5256756756757,0.927702955629197,0.162487962033406
10.5405405405405,0.928068617895987,0.161625460167128
10.5554054054054,0.928431326293739,0.160767031705112
10.5702702702703,0.928791113397301,0.159912640472844
10.5851351351351,0.929148011331427,0.159062250722867
10.6,0.929502051778164,0.158215827128574
10.6148648648649,0.929853265984119,0.157373334778091
10.6297297297297,0.930201684767569,0.156534739168268
10.6445945945946,0.930547338525455,0.15570000619878
10.6594594594595,0.930890257240229,0.154869102166321
10.6743243243243,0.931230470486591,0.154041993758897
10.6891891891892,0.931568007438083,0.153218648050222
10.7040540540541,0.931902896873571,0.1523990324942
10.7189189189189,0.932235167183604,0.151583114919508
10.7337837837838,0.932564846376651,0.150770863524264
10.7486486486486,0.932891962085236,0.149962246870788
10.7635135135135,0.933216541571937,0.149157233880454
10.7783783783784,0.9335386117353,0.148355793828615
10.7932432432432,0.933858199115627,0.147557896339631
10.8081081081081,0.934175329900663,0.146763511381965
10.822972972973,0.934490029931183,0.145972609263365
10.8378378378378,0.934802324706471,0.145185160626128
10.8527027027027,0.935112239389702,0.14440113644244
10.8675675675676,0.935419798813229,0.143620508009793
10.8824324324324,0.935725027483771,0.142843246946475
10.8972972972973,0.936027949587505,0.142069325187141
10.9121621621622,0.936328588995074,0.141298714978444
10.927027027027,0.936626969266495,0.140531388874753
10.9418918918919,0.936923113655989,0.139767319733925
10.9567567567568,0.937217045116716,0.139006480713157
10.9716216216216,0.93750878630543,0.138248845264901
10.9864864864865,0.937798359587052,0.13749438713284
11.0013513513514,0.938085787039158,0.136743080347942
11.0162162162162,0.938371090456386,0.135994899224561
11.0310810810811,0.938654291354775,0.135249818356613
11.0459459459459,0.938935410976014,0.134507812613807
11.0608108108108,0.939214470291625,0.133768857137939
11.0756756756757,0.939491490007073,0.133032927339242
11.0905405405405,0.939766490565793,0.132299998892797
11.1054054054054,0.940039492153165,0.131570047734999
11.1202702702703,0.940310514700398,0.13084305006008
11.1351351351351,0.940579577888363,0.130118982316685
11.15,0.940846701151355,0.129397821204503
11.1648648648649,0.941111903680782,0.128679543670951
11.1797297297297,0.941375204428806,0.12796412690791
11.1945945945946,0.941636622111902,0.127251548348512
11.2094594594595,0.941896175214368,0.126541785663975
11.2243243243243,0.942153881991777,0.125834816760489
11.2391891891892,0.942409760474355,0.125130619776153
11.2540540540541,0.94266382847032,0.124429173077951
11.2689189189189,0.94291610356915,0.123730455258786
11.2837837837838,0.943166603144798,0.123034445134551
11.2986486486486,0.943415344358861,0.122341121741244
11.3135135135135,0.943662344163682,0.121650464332138
11.3283783783784,0.943907619305409,0.120962452374983
11.3432432432432,0.944151186326997,0.120277065549254
11.3581081081081,0.944393061571165,0.119594283743443
11.372972972973,0.944633261183299,0.118914087052392
11.3878378378378,0.944871801114304,0.118236455774663
11.4027027027027,0.945108697123418,0.117561370409951
11.4175675675676,0.945343964780963,0.116888811656534
11.4324324324324,0.945577619471069,0.116218760408763
11.4472972972973,0.945809676394338,0.115551197754588
11.4621621621622,0.946040150570471,0.114886104973123
11.477027027027,0.946269056840844,0.114223463532245
11.4918918918919,0.946496409871059,0.113563255086231
11.5067567567568,0.946722224153428,0.112905461473429
11.5216216216216,0.946946514009437,0.112250064713961
11.5364864864865,0.947169293592155,0.111597047007467
11.5513513513514,0.947390576888619,0.110946390730877
11.5662162162162,0.947610377722163,0.110298078436213
11.5810810810811,0.947828709754718,0.10965209284843
11.5959459459459,0.948045586489082,0.109008416863289
11.6108108108108,0.948261021271131,0.108367033545248
11.6256756756757,0.948475027292018,0.107727926125407
11.6405405405405,0.948687617590324,0.107091077999456
11.6554054054054,0.948898805054176,0.106456472725677
11.6702702702703,0.94910860242333,0.105824094022958
11.6851351351351,0.949317022291224,0.105193925768846
11.7,0.949524077106996,0.104565951997621
11.7148648648649,0.949729779177469,0.103940156898402
11.7297297297297,0.949934140669105,0.103316524813281
11.7445945945946,0.950137173609929,0.102695040235478
11.7594594594595,0.950338889891421,0.102075687807531
11.7743243243243,0.950539301270378,0.101458452319503
11.7891891891892,0.950738419370746,0.100843318707221
11.8040540540541,0.950936255685426,0.100230272050535
11.8189189189189,0.951132821578047,0.099619297571609
11.8337837837838,0.951328128284718,0.0990103806332273
11.8486486486486,0.951522186915742,0.0984035067371304
11.8635135135135,0.951715008457313,0.0977986615223732
11.8783783783784,0.951906603773184,0.0971958307637053
11.8932432432432,0.952096983606304,0.0965950003699749
11.9081081081081,0.952286158580436,0.0959961563825553
11.922972972973,0.952474139201744,0.0953992849737917
11.9378378378378,0.952660935860362,0.0948043724454722
11.9527027027027,0.952846558831935,0.0942114052273173
11.9675675675676,0.953031018279132,0.0936203698754929
11.9824324324324,0.953214324253148,0.0930312530711419
11.9972972972973,0.953396486695164,0.0924440416189368
12.0121621621622,0.953577515437809,0.0918587224456531
12.027027027027,0.953757420206573,0.0912752825987608
12.0418918918919,0.953936210621223,0.0906937092450365
12.0567567567568,0.95411389619718,0.0901139896691933
12.0716216216216,0.954290486346878,0.0895361112725307
12.0864864864865,0.954465990381115,0.0889600615716019
12.1013513513514,0.954640417510368,0.0883858281969001
12.1162162162162,0.954813776846093,0.0878133988915615
12.1310810810811,0.95498607740201,0.0872427615100873
12.1459459459459,0.955157328095364,0.0866739040170813
12.1608108108108,0.955327537748168,0.0861068144860064
12.1756756756757,0.955496715088429,0.085541481097956
12.1905405405405,0.955664868751352,0.0849778921404434
12.2054054054054,0.955832007280529,0.0844160360062066
12.2202702702703,0.95599813912911,0.0838559011920291
12.2351351351351,0.95616327266096,0.083297476297577
12.25,0.956327416151788,0.0827407500242507
12.2648648648649,0.956490577790271,0.0821857111740533
12.2797297297297,0.956652765679155,0.0816323486484719
12.2945945945946,0.956813987836343,0.0810806514473755
12.3094594594595,0.956974252195963,0.0805306086679273
12.3243243243243,0.957133566609428,0.0799822095035099
12.3391891891892,0.957291938846465,0.0794354432426665
12.3540540540541,0.957449376596152,0.0788902992680544
12.3689189189189,0.957605887467918,0.0783467670554141
12.3837837837838,0.957761478992541,0.0778048361725488
12.3986486486486,0.957916158623126,0.077264496278321
12.4135135135135,0.958069933736074,0.0767257371216593
12.4283783783784,0.95822281163203,0.076188548540579
12.4432432432432,0.958374799536824,0.0756529204612162
12.4581081081081,0.958525904602395,0.0751188428968733
12.472972972973,0.958676133907698,0.0745863059470765
12.4878378378378,0.95882549445961,0.074055299796647
12.5027027027027,0.958973993193807,0.0735258147147837
12.5175675675676,0.959121636975645,0.0729978410541556
12.5324324324324,0.959268432601009,0.0724713692500094
12.5472972972973,0.959414386797174,0.0719463898192849
12.5621621621622,0.95955950622363,0.0714228933597446
12.577027027027,0.959703797472909,0.0709008705491124
12.5918918918919,0.959847267071402,0.0703803121442245
12.6067567567568,0.959989921480153,0.0698612089801901
12.6216216216216,0.960131767095653,0.0693435519695631
12.6364864864865,0.960272810250616,0.0688273321015252
12.6513513513514,0.960413057214745,0.068312540441077
12.6662162162162,0.960552514195494,0.0677991681282421
12.6810810810811,0.96069118733881,0.0672872063772788
12.6959459459459,0.960829082729868,0.066776646475903
12.7108108108108,0.960966206393797,0.0662674797845203
12.7256756756757,0.9611025642964,0.0657596977354681
12.7405405405405,0.96123816234485,0.0652532918322669
12.7554054054054,0.961373006388393,0.0647482536488802
12.7702702702703,0.961507102219034,0.0642445748289854
12.7851351351351,0.961640455572206,0.063742247085251
12.8,0.961773072127447,0.0632412621986262
12.8148648648649,0.96190495750905,0.0627416120176357
12.8297297297297,0.962036117286715,0.0622432884576856
12.8445945945946,0.962166556976192,0.0617462835003774
12.8594594594595,0.962296282039905,0.061250589192829
12.8743243243243,0.962425297887583,0.060756197647006
12.8891891891892,0.962553609876866,0.0602631010390599
12.9040540540541,0.962681223313918,0.0597712916086748
12.9189189189189,0.962808143454019,0.0592807616584213
12.9337837837838,0.962934375502158,0.0587915035531203
12.9486486486486,0.963059924613614,0.0583035097192112
12.9635135135135,0.963184795894526,0.0578167726441311
12.9783783783784,0.963308994402466,0.0573312848756997
12.9932432432432,0.963432525146989,0.0568470390215112
13.0081081081081,0.963555393090191,0.0563640277483351
13.022972972973,0.963677603147249,0.0558822437815226
13.0378378378378,0.963799160186956,0.0554016799044216
13.0527027027027,0.963920069032251,0.0549223289577967
13.0675675675676,0.964040334460746,0.0544441838392588
13.0824324324324,0.964159961205233,0.053967237502699
13.0972972972973,0.964278953954196,0.0534914829577303
13.1121621621622,0.964397317352313,0.0530169132691362
13.127027027027,0.96451505600095,0.0525435215563252
13.1418918918919,0.96463217445865,0.0520713009927924
13.1567567567568,0.964748677241613,0.0516002448055867
13.1716216216216,0.964864568824174,0.0511303462747844
13.1864864864865,0.964979853639271,0.05066159873297
13.2013513513514,0.965094536078909,0.0501939955647217
13.2162162162162,0.965208620494615,0.0497275302061036
13.2310810810811,0.96532211119789,0.049262196144164
13.2459459459459,0.965435012460657,0.0487979869164392
13.2608108108108,0.965547328515699,0.0483348961104626
13.2756756756757,0.965659063557088,0.0478729173632814
13.2905405405405,0.965770221740622,0.0474120443609761
13.3054054054054,0.965880807184239,0.0469522708381882
13.3202702702703,0.965990823968442,0.0464935905776514
13.3351351351351,0.966100276136702,0.0460359974097294
13.35,0.966209167695874,0.0455794852119585
13.3648648648649,0.966317502616592,0.0451240479085955
13.3797297297297,0.966425284833665,0.0446696794701713
13.3945945945946,0.966532518246471,0.0442163739130482
13.4094594594595,0.966639206719345,0.0437641252989843
13.4243243243243,0.966745354081952,0.0433129277347007
13.4391891891892,0.966850964129673,0.042862775371456
13.4540540540541,0.966956040623967,0.0424136624046229
13.4689189189189,0.967060587292749,0.0419655830732723
13.4837837837838,0.967164607830742,0.0415185316597596
13.4986486486486,0.967268105899839,0.0410725024893181
13.5135135135135,0.967371085129456,0.0406274899296551
13.5283783783784,0.967473549116881,0.0401834883905532
13.5432432432432,0.967575501427619,0.0397404923234766
13.5581081081081,0.967676945595728,0.0392984962211809
13.572972972973,0.96777788512416,0.0388574946173277
13.5878378378378,0.967878323485088,0.0384174820861037
13.6027027027027,0.967978264120235,0.037978453241844
13.6175675675676,0.968077710441202,0.0375404027386589
13.6324324324324,0.968176665829779,0.0371033252700659
13.6472972972973,0.968275133638264,0.0366672155686249
13.6621621621622,0.968373117189779,0.036232068405578
13.677027027027,0.96847061977857,0.0357978785904933
13.6918918918919,0.968567644670315,0.035364640970912
13.7067567567568,0.968664195102424,0.034932350432
13.7216216216216,0.968760274284334,0.0345010018962029
13.7364864864865,0.968855885397804,0.0340705903229057
13.7513513513514,0.9689510315972,0.0336411107080947
13.7662162162162,0.969045716009786,0.0332125580840245
13.7810810810811,0.969139941736001,0.0327849275188878
13.7959459459459,0.969233711849744,0.032358214116489
13.8108108108108,0.969327029398639,0.0319324130159221
13.8256756756757,0.96941989740432,0.0315075193912502
13.8405405405405,0.969512318862689,0.031083528451191
13.8554054054054,0.969604296744188,0.0306604354388035
13.8702702702703,0.969695833994056,0.0302382356311791
13.8851351351351,0.969786933532592,0.0298169243391362
13.9,0.969877598255411,0.0293964969069181
13.9148648648649,0.969967831033693,0.0289769487118924
13.9297297297297,0.970057634714439,0.028558275164257
13.9445945945946,0.97014701212071,0.0281404717067459
13.9594594594595,0.970235966051878,0.0277235338143398
13.9743243243243,0.970324499283863,0.0273074569939801
13.9891891891892,0.970412614569374,0.0268922367842849
14.0040540540541,0.970500314638139,0.0264778687552686
14.0189189189189,0.970587602197143,0.0260643485080644
14.0337837837838,0.970674479930857,0.0256516716746495
14.0486486486486,0.970760950501461,0.0252398339175738
14.0635135135135,0.970847016549074,0.0248288309296909
14.0783783783784,0.97093268069197,0.0244186584338921
14.0932432432432,0.971017945526801,0.0240093121828433
14.1081081081081,0.971102813628813,0.0236007879587242
14.122972972973,0.971187287552058,0.0231930815729714
14.1378378378378,0.971271369829607,0.0227861888660224
14.1527027027027,0.971355062973759,0.0223801057070642
14.1675675675676,0.971438369476249,0.0219748279937829
14.1824324324324,0.971521291808447,0.0215703516521173
14.1972972972973,0.971603832421566,0.0211666726360133
14.2121621621622,0.971685993746857,0.0207637869271834
14.227027027027,0.97176777819581,0.0203616905348657
14.2418918918919,0.971849188160342,0.0199603794955878
14.2567567567568,0.971930226012999,0.0195598498729322
14.2716216216216,0.97201089410714,0.0191600977573037
14.2864864864865,0.972091194777126,0.0187611192657
14.3013513513514,0.972171130338506,0.0183629105414841
14.3162162162162,0.972250703088204,0.0179654677541598
14.3310810810811,0.972329915304697,0.0175687870991478
14.3459459459459,0.972408769248195,0.0171728647975664
14.3608108108108,0.972487267160821,0.0167776970960125
14.3756756756757,0.972565411266786,0.016383280266346
14.3905405405405,0.972643203772559,0.0159896106054757
14.4054054054054,0.972720646867046,0.0155966844351479
14.4202702702703,0.972797742721752,0.0152044981017367
14.4351351351351,0.972874493490951,0.0148130479760366
14.45,0.972950901311857,0.0144223304530577
14.4648648648649,0.97302696830478,0.0140323419518214
14.4797297297297,0.973102696573294,0.0136430789151607
14.4945945945946,0.973178088204396,0.0132545378095199
14.5094594594595,0.973253145268661,0.0128667151247575
14.5243243243243,0.973327869820406,0.012479607373952
14.5391891891892,0.973402263897836,0.0120932110932074
14.5540540540541,0.973476329523206,0.0117075228414631
14.5689189189189,0.973550068702966,0.0113225392003037
14.5837837837838,0.973623483427915,0.0109382567737713
14.5986486486486,0.973696575673346,0.0105546721881809
14.6135135135135,0.973769347399195,0.0101717820919357
14.6283783783784,0.973841800550185,0.00978958315534546
14.6432432432432,0.97391393705597,0.00940807207044641
14.6581081081081,0.973985758831275,0.00902724555082255
14.672972972973,0.974057267776038,0.00864710033142912
14.6878378378378,0.974128465775547,0.00826763316841782
14.7027027027027,0.974199354700581,0.00788884083896344
14.7175675675676,0.974269936407539,0.00751072014109279
14.7324324324324,0.97434021273858,0.00713326789351427
14.7472972972973,0.974410185521753,0.00675648093545018
14.7621621621622,0.974479856571129,0.0063803561264697
14.777027027027,0.974549227686928,0.00600489034632503
14.7918918918919,0.974618300655655,0.00563008049478677
14.8067567567568,0.974687077250217,0.00525592349148333
14.8216216216216,0.974755559230054,0.00488241627573998
14.8364864864865,0.974823748341266,0.00450955580642121
14.8513513513514,0.974891646316728,0.00413733906177235
14.8662162162162,0.974959254876219,0.00376576303926541
14.8810810810811,0.975026575726538,0.00339482475544448
14.8959459459459,0.975093610561626,0.00302452124577268
14.9108108108108,0.975160361062678,0.00265484956448196
14.9256756756757,0.975226828898267,0.00228580678442271
14.9405405405405,0.975293015724455,0.00191738999691631
14.9554054054054,0.975358923184905,0.00154959631160768
14.9702702702703,0.975424552910998,0.0011824228563201
14.9851351351351,0.975489906521943,0.000815866776911284
15,0.975554985624884,0.000449925237130643
