Frequency (THz),n_real,n_imag
0.15,4.59426425118354,-2.86956350427038e-14
0.164864864864865,4.59672001096139,-2.52555939082995e-14
0.17972972972973,4.59941736973409,-1.91106187755069e-14
0.194594594594595,4.60235902967347,-7.49658102153921e-14
0.209459459459459,4.60554795782504,-2.59764317545191e-14
0.224324324324324,4.60898739446342,3.3501839643878e-14
0.239189189189189,4.61268086231071,-2.02138765634688e-14
0.254054054054054,4.6166321766687,-1.77234745153608e-14
0.268918918918919,4.62084545652194,-1.59664526397491e-14
0.283783783783784,4.62532513667459,-6.59580104285477e-15
0.298648648648649,4.63007598099113,-5.41412666226835e-15
0.313513513513514,4.63510309681866,1.97359390677165e-16
0.328378378378378,4.64041195067701,-1.58559166557554e-14
0.343243243243243,4.64600838531168,1.16113712558738e-14
0.358108108108108,4.65189863821575,4.00919678871921e-15
0.372972972972973,4.65808936173709,-1.44284987363836e-14
0.387837837837838,4.6645876449009,4.90356459196697e-16
0.402702702702703,4.67140103709083,-1.16222769250445e-14
0.417567567567568,4.67853757374794,1.0706076186934e-14
0.432432432432432,4.68600580426409,1.24163758384147e-14
0.447297297297297,4.69381482226576,3.62075355001555e-15
0.462162162162162,4.70197429850645,7.7781917006127e-15
0.477027027027027,4.71049451660991,1.70754744377374e-15
0.491891891891892,4.71938641193455,1.78963461701118e-14
0.506756756756757,4.72866161386017,1.02458169142913e-14
0.521621621621622,4.7383324918335,7.02617935875528e-15
0.536486486486486,4.74841220554873,-7.83630288668138e-15
0.551351351351351,4.75891475968427,2.78119993018001e-15
0.566216216216216,4.76985506366832,1.55944659467151e-15
0.581081081081081,4.78124899700391,-3.62187953563256e-15
0.595945945945946,4.79311348075078,8.32517246108199e-15
0.610810810810811,4.80546655583699,-3.69588570232058e-15
0.625675675675676,4.81832746896071,-2.94564898935511e-14
0.640540540540541,4.83171676694169,6.33985997535495e-15
0.655405405405405,4.84565640049749,4.99164137617303e-15
0.67027027027027,4.86016983855115,7.82530581289776e-15
0.685135135135135,4.87528219433063,-6.11242810801387e-15
0.7,4.89102036469692,2.64857967734132e-15
0.714864864864865,4.90741318434421,-3.36074285666646e-15
0.72972972972973,4.92449159675478,-2.44360374641113e-15
0.744594594594595,4.94228884407154,-1.48074758311827e-15
0.759459459459459,4.96084067837921,-1.17121532809679e-15
0.774324324324324,4.98018559726996,9.19712197955052e-15
0.789189189189189,5.00036510702416,-5.76653570430238e-15
0.804054054054054,5.02142401727217,-9.54507184489078e-15
0.818918918918919,5.04341077164122,1.46542503603187e-14
0.833783783783784,5.06637781964731,5.87239530303798e-16
0.848648648648649,5.09038203599758,2.06111032675637e-15
0.863513513513514,5.11548519455318,1.16305457853976e-14
0.878378378378378,5.14175450550721,-4.74567327532871e-15
0.893243243243243,5.16926322591093,2.96596743163875e-15
0.908108108108108,5.19809135559468,-6.26484593853268e-15
0.922972972972973,5.22832643286485,4.41463062938743e-15
0.937837837837838,5.26006444721622,-7.62969213412369e-17
0.952702702702703,5.29341088981758,7.43211486613107e-15
0.967567567567568,5.32848196688153,-5.69164174404164e-15
0.982432432432432,5.36540600644386,-5.88054529326766e-15
0.997297297297297,5.40432509585226,-9.92861313860201e-16
1.01216216216216,5.44539699578941,-7.25997639351645e-15
1.02702702702703,5.4887973874546,2.40749726267998e-15
1.04189189189189,5.53472252329791,1.27188634185712e-15
1.05675675675676,5.58339236938567,9.7995616407031e-15
1.07162162162162,5.63505435036012,2.71328475284624e-15
1.08648648648649,5.68998783780571,3.57098049816847e-16
1.10135135135135,5.7485095621093,5.32143762015799e-15
1.11621621621622,5.81098018004242,-4.88920713621975e-15
1.13108108108108,5.87781230020669,-8.07742659323197e-16
1.14594594594595,5.94948036320064,-1.79991107882582e-15
1.16081081081081,6.02653290315356,-6.35925038937444e-16
1.17567567567568,6.10960789727459,6.18118878616868e-16
1.19054054054054,6.19945216302379,-1.26487408254091e-14
1.20540540540541,6.29694612308248,1.99646164365375e-15
1.22027027027027,6.40313578031149,-4.58575387546788e-15
1.23513513513514,6.51927451352718,8.34673358412221e-15
1.25,6.64687845800115,-4.69993632503685e-15
1.26486486486486,6.78780100024176,1.45706252136643e-15
1.27972972972973,6.94433468255736,-5.08815659548107e-15
1.29459459459459,7.11935325727636,2.4632206280932e-15
1.30945945945946,7.31651397845278,8.43914414764067e-16
1.32432432432432,7.54055276588926,-2.49065976990775e-15
1.33918918918919,7.79772710508771,4.91106097556513e-15
1.35405405405405,8.09650263760909,6.28050862866274e-15
1.36891891891892,8.44865921676881,-1.05749759962325e-15
1.38378378378378,8.87115663635272,3.2748000883673e-15
1.39864864864865,9.38946382369658,-4.86099696058461e-16
1.41351351351351,10.0439325149481,-6.56175001089133e-16
1.42837837837838,10.9031607775593,-3.29258187157746e-16
1.44324324324324,12.0956685425739,3.73892586101862e-15
1.45810810810811,13.8994714729639,4.88476961081704e-15
1.47297297297297,17.0781749461259,1.35205353661854e-14
1.48783783783784,25.1163699067834,2.82413323900019e-15
1.5027027027027,5.26370683617044e-14,52.5436296621223
1.51756756756757,-1.11774586645531e-15,20.3163526282294
1.53243243243243,2.8641117058953e-14,14.733597567033
1.5472972972973,-1.35523342485173e-15,12.016564290364
1.56216216216216,7.76123655031071e-16,10.3187090297985
1.57702702702703,2.27605455656186e-16,9.1207948530574
1.59189189189189,-3.84998048471947e-17,8.2118647610175
1.60675675675676,-4.14143900286284e-15,7.48775942645151
1.62162162162162,6.4761492500319e-16,6.89028643812806
1.63648648648649,3.43576900720987e-16,6.38400991363938
1.65135135135135,-3.77320720461897e-15,5.9459287905379
1.66621621621622,4.66068495582235e-16,5.56035632611098
1.68108108108108,-2.80541499135919e-15,5.21616127705995
1.69594594594595,2.56526555260714e-15,4.90518196020017
1.71081081081081,2.69260911441142e-15,4.62126542610308
1.72567567567568,7.0473863703074e-15,4.35965938979794
1.74054054054054,-8.77332560490437e-15,4.1166128137316
1.75540540540541,1.83123965236719e-15,3.88910482118519
1.77027027027027,4.17149223501876e-15,3.67465511957817
1.78513513513514,2.58206409869071e-15,3.4711875278907
1.8,7.8528650300621e-16,3.27692870509289
1.81486486486486,-3.77700614871818e-15,3.0903303267668
1.82972972972973,3.4311236287851e-15,2.91000658785641
1.84459459459459,-8.8853648443208e-17,2.73468097574873
1.85945945945946,1.67767902066517e-15,2.56313722561322
1.87432432432432,2.67242965522781e-15,2.39416937442692
1.88918918918919,2.15406882079543e-15,2.22652467992091
1.90405405405405,-2.41932687098896e-15,2.05883016307966
1.91891891891892,-5.90896209860984e-16,1.88948687087347
1.93378378378378,-2.28900802949948e-15,1.71650105257973
1.94864864864865,1.13305536893525e-14,1.53718557812448
1.96351351351351,6.08999541866537e-15,1.34756790309725
1.97837837837838,-1.87235762125983e-14,1.14102976496536
1.99324324324324,-1.24501036275325e-14,0.904408738131618
2.00810810810811,-1.21629640272653e-14,0.601079924315208
2.02297297297297,0.26529963522864,4.69285043569539e-14
2.03783783783784,0.692232431458695,1.66880618746909e-14
2.0527027027027,0.931118105708106,-9.43033641238409e-16
2.06756756756757,1.11150616606143,7.0131849746991e-15
2.08243243243243,1.2593992090671,-3.19854580234948e-17
2.0972972972973,1.38573374637428,-1.30089507567268e-14
2.11216216216216,1.49639074389176,-1.65951374220835e-14
2.12702702702703,1.59498481075676,-2.06449361031052e-14
2.14189189189189,1.68393522818443,9.1874355438782e-15
2.15675675675676,1.76496013406754,-1.06355823099481e-14
2.17162162162162,1.8393341456763,1.81520648261688e-15
2.18648648648649,1.90803499902084,-3.4103334157889e-15
2.20135135135135,1.97183276847021,-2.77992473231274e-17
2.21621621621622,2.03134707103916,3.2159483479827e-15
2.23108108108108,2.08708532986387,-2.83159343261211e-15
2.24594594594595,2.13946927834552,-1.32554833550999e-15
2.26081081081081,2.18885386523,5.41511037070122e-15
2.27567567567568,2.23554108015577,-1.78119591039957e-15
2.29054054054054,2.27979028412012,2.29810405015789e-16
2.30540540540541,2.32182607405863,-2.86788398380173e-15
2.32027027027027,2.36184436913973,2.75532829885324e-15
2.33513513513514,2.40001718964134,2.2969322358194e-15
2.35,2.43649645797742,3.19907419913941e-15
2.36486486486486,2.47141705707721,2.13180610927497e-15
2.37972972972973,2.50489931692825,5.96186460335579e-15
2.39459459459459,2.53705105529822,-5.05209447341203e-16
2.40945945945946,2.56796926693631,-4.16372436525404e-15
2.42432432432432,2.59774153274414,1.10793855684925e-15
2.43918918918919,2.62644720375856,2.09830198140605e-15
2.45405405405405,2.65415840247821,4.537129036917e-15
2.46891891891892,2.6809408748498,2.73465974389675e-15
2.48378378378378,2.70685471925339,-1.39338445643871e-15
2.49864864864865,2.73195501348872,1.54851584056378e-15
2.51351351351351,2.75629235664272,-2.39303695292698e-15
2.52837837837838,2.77991333950554,-1.408156738086e-15
2.54324324324324,2.80286095467798,1.94928107343693e-17
2.55810810810811,2.82517495551312,3.99192039868041e-15
2.57297297297297,2.84689217144,4.83196327296341e-15
2.58783783783784,2.86804678593509,-1.91208332314499e-15
2.6027027027027,2.88867058237123,-1.59819040510714e-15
2.61756756756757,2.90879316213044,-2.71706694658584e-15
2.63243243243243,2.92844213867779,6.46620931900032e-16
2.6472972972973,2.94764331072545,6.0322228857565e-16
2.66216216216216,2.96642081714791,-2.3394381228518e-15
2.67702702702703,2.98479727591889,1.79773536560329e-15
2.69189189189189,3.00279390901559,3.81838642005967e-15
2.70675675675676,3.02043065496338,-7.90571057815516e-15
2.72162162162162,3.03772627046441,-4.39063897709656e-15
2.73648648648649,3.0546984223595,3.63469820829474e-15
2.75135135135135,3.07136377100872,-3.92858344401786e-15
2.76621621621622,3.08773804603541,2.57345498537538e-15
2.78108108108108,3.10383611525926,-1.31728059779878e-15
2.79594594594595,3.11967204754121,2.31672992033938e-15
2.81081081081081,3.13525917017504,-2.21515375901699e-15
2.82567567567568,3.15061012138445,-3.28550999958431e-15
2.84054054054054,3.16573689841859,8.11227221212773e-16
2.8554054054054,3.18065090168218,-1.06366662213792e-15
2.87027027027027,3.19536297528676,4.08745696126898e-15
2.88513513513514,3.20988344436654,-2.12180256859817e-15
2.9,3.22422214946415,-1.82428896128528e-15
2.91486486486486,3.23838847825912,-9.01416127486405e-16
2.92972972972973,3.25239139488267,-4.84106093378716e-15
2.94459459459459,3.26623946703658,5.56644793535938e-15
2.95945945945946,3.27994089111202,2.57884169459533e-16
2.97432432432432,3.29350351548362,1.82368140513587e-15
2.98918918918919,3.30693486213716,3.66734539651918e-15
3.00405405405405,3.3202421467732,-1.27359122131002e-15
3.01891891891892,3.33343229751519,4.05505905302129e-16
3.03378378378378,3.3465119723385,-2.84418503970735e-16
3.04864864864865,3.35948757532544,-3.76528845494159e-15
3.06351351351351,3.372365271842,-3.76484277751802e-15
3.07837837837838,3.38515100272257,-6.74353738540561e-17
3.09324324324324,3.39785049754186,-5.29544430339317e-15
3.10810810810811,3.41046928704558,-3.38754840551988e-15
3.12297297297297,3.42301271480522,1.62261402687676e-15
3.13783783783784,3.43548594815673,-8.64793812041391e-16
3.1527027027027,3.44789398847783,-2.29753471757128e-15
3.16756756756757,3.46024168085337,-2.56408528842291e-15
3.18243243243243,3.47253372317524,3.6658192036716e-15
3.1972972972973,3.48477467471805,-2.46835517454577e-15
3.21216216216216,3.49696896422966,-1.24322069342268e-16
3.22702702702703,3.50912089757169,-2.48075766784046e-15
3.24189189189189,3.52123466494277,-1.39756265308308e-15
3.25675675675676,3.53331434771456,-2.97823360351171e-15
3.27162162162162,3.54536392490817,-7.27269901993347e-16
3.28648648648649,3.55738727933682,2.38134975703521e-15
3.30135135135135,3.56938820343813,-3.14494120225782e-16
3.31621621621622,3.58137040481824,1.70181734579911e-15
3.33108108108108,3.59333751152791,3.67275601449157e-15
3.34594594594595,3.60529307708953,-3.49370203297079e-15
3.36081081081081,3.61724058529253,-5.86157298366589e-16
3.37567567567568,3.62918345477351,3.22442138632792e-15
3.39054054054054,3.64112504339627,3.11071041762914e-15
3.40540540540541,3.65306865244585,-1.68941323183079e-15
3.42027027027027,3.66501753064988,-2.75126984719683e-16
3.43513513513514,3.67697487803945,1.95465205160004e-15
3.45,3.68894384966128,-5.05340709742444e-16
3.46486486486486,3.70092755915178,5.52292823044022e-15
3.47972972972973,3.7129290821834,1.07917078106548e-15
3.49459459459459,3.72495145979279,3.73978793213621e-16
3.50945945945946,3.73699770159964,1.36927323943846e-15
3.52432432432432,3.74907078892496,1.3487710947712e-15
3.53918918918919,3.7611736778167,-5.06495121024763e-15
3.55405405405405,3.77330930199031,-2.84129931698652e-16
3.56891891891892,3.78548057569151,-3.76718221543086e-15
3.58378378378378,3.79769039648828,3.86333136400708e-15
3.59864864864865,3.80994164799829,-1.4244393152308e-15
3.61351351351351,3.82223720255844,-8.30993161700802e-16
3.62837837837838,3.83457992384208,-1.15540223002616e-15
3.64324324324324,3.84697266943009,-2.480599100604e-15
3.65810810810811,3.85941829334095,2.45502208799152e-15
3.67297297297297,3.87191964852538,-1.19377455925778e-15
3.68783783783784,3.88447958933066,3.16349911587279e-15
3.7027027027027,3.89710097393962,-3.20685288440299e-15
3.71756756756757,3.90978666678915,-1.94125614099737e-15
3.73243243243243,3.92253954097302,-1.02658464023235e-15
3.7472972972973,3.93536248063369,1.34156562387855e-15
3.76216216216216,3.94825838334761,1.81104520255776e-15
3.77702702702703,3.96123016250858,5.67960312847377e-17
3.79189189189189,3.97428074971368,-4.05591776569797e-15
3.80675675675676,3.98741309715594,1.11238354050548e-15
3.82162162162162,4.00063018002863,-9.08485695225706e-16
3.83648648648649,4.01393499894491,-6.81170536732269e-16
3.85135135135135,4.02733058237795,-5.91723084382584e-16
3.86621621621622,4.04081998912539,7.23787130136244e-16
3.88108108108108,4.05440631080289,4.18754403619369e-16
3.89594594594595,4.06809267437123,2.85949929346572e-15
3.91081081081081,4.0818822447015,-1.53572365679302e-15
3.92567567567568,4.09577822718306,-1.69066444390493e-15
3.94054054054054,4.10978387037914,3.58234521633891e-15
3.95540540540541,4.12390246873474,-9.00553744165926e-17
3.97027027027027,4.138137365342,-2.56540917385382e-17
3.98513513513514,4.15249195476813,8.48529929149457e-16
4,4.16696968595121,-9.55417628413328e-16
4.01486486486486,4.18157406516932,1.18728201033358e-15
4.02972972972973,4.19630865908866,1.56122992384876e-15
4.04459459459459,4.2111770978967,4.05383103037996e-16
4.05945945945946,4.22618307852621,-1.62639560801196e-15
4.07432432432432,4.24133036797692,6.26747283499743e-16
4.08918918918919,4.25662280674112,-1.36702638872102e-15
4.10405405405405,4.27206431234044,2.61955853856679e-15
4.11891891891892,4.28765888298097,-1.64363044982612e-15
4.13378378378378,4.30341060133445,-2.27967679828831e-16
4.14864864864865,4.31932363845352,1.63303236470049e-15
4.16351351351351,4.33540225782955,7.95470636873358e-16
4.17837837837838,4.35165081960182,1.90920176855735e-15
4.19324324324324,4.36807378492772,-3.6046140854524e-15
4.20810810810811,4.38467572052355,-6.39097265145278e-16
4.22297297297297,4.40146130338662,2.5528643988915e-15
4.23783783783784,4.41843532570968,-1.58371461572175e-15
4.2527027027027,4.43560269999932,5.96929054358862e-16
4.26756756756757,4.45296846441089,-1.46658551740576e-15
4.28243243243243,4.47053778831316,-3.39183156988677e-16
4.2972972972973,4.48831597809643,-6.71002777994859e-16
4.31216216216216,4.50630848323948,-1.45898969723013e-15
4.32702702702703,4.52452090265067,1.17814363176262e-15
4.34189189189189,4.54295899130035,3.17910498313281e-15
4.35675675675676,4.56162866716249,-1.01282026141057e-15
4.37162162162162,4.58053601848463,4.55025880229307e-17
4.38648648648649,4.59968731140646,6.52477231561291e-16
4.40135135135135,4.61908899794919,8.39176691117463e-16
4.41621621621622,4.63874772439857,1.01164622660388e-15
4.43108108108108,4.6586703401069,5.71476461042054e-16
4.44594594594595,4.67886390674041,-3.87137049426031e-16
4.46081081081081,4.69933570800084,-3.7339143048255e-15
4.47567567567568,4.72009325985168,-1.12602399858904e-15
4.49054054054054,4.74114432128208,1.22869300070587e-15
4.5054054054054,4.76249690564365,-1.15309803824532e-15
4.52027027027027,4.78415929259817,-1.87795937504134e-15
4.53513513513513,4.80614004071693,1.06455024677092e-15
4.55,4.82844800077554,-4.48996605855408e-16
4.56486486486487,4.85109232979175,2.58267003390464e-15
4.57972972972973,4.87408250585684,2.58675940688222e-16
4.59459459459459,4.89742834381596,-1.12912519866818e-15
4.60945945945946,4.92114001185648,5.58925356305333e-16
4.62432432432432,4.94522804906866,2.37230746976489e-15
4.63918918918919,4.96970338404791,-3.95160558163455e-16
4.65405405405405,4.99457735461375,7.63293185816548e-16
4.66891891891892,5.01986172872684,1.05383281975928e-15
4.68378378378378,5.04556872669218,-5.85464722778751e-16
4.69864864864865,5.07171104474431,-7.9432253472164e-16
4.71351351351351,5.09830188011841,1.21656505184466e-15
4.72837837837838,5.12535495772037,-1.30461820929144e-15
4.74324324324324,5.15288455851894,-2.03681719328538e-15
4.75810810810811,5.18090554979389,-9.83798357265567e-16
4.77297297297297,5.2094334173866,1.12737715408312e-15
4.78783783783784,5.23848430011232,-5.07917182539112e-16
4.8027027027027,5.268075026509,-1.37845058335082e-15
4.81756756756757,5.29822315411294,-9.05942482756568e-16
4.83243243243243,5.32894701147076,2.45205008883834e-15
4.8472972972973,5.36026574311629,5.65458453561929e-16
4.86216216216216,5.39219935776439,-6.26879240754746e-16
4.87702702702703,5.42476877999754,-1.26438598882063e-16
4.89189189189189,5.45799590574982,7.27183748998924e-16
4.90675675675676,5.49190366192283,-9.52566727522806e-16
4.92162162162162,5.52651607050352,-5.34995648377944e-16
4.93648648648649,5.56185831759174,2.52208801151755e-15
4.95135135135135,5.59795682778914,-4.55925278034221e-15
4.96621621621622,5.63483934444933,1.0030618947171e-15
4.98108108108108,5.67253501634381,2.61338704846963e-16
4.99594594594595,5.71107449135932,1.86462446412348e-15
5.01081081081081,5.75049001791208,7.63288823587993e-16
5.02567567567568,5.79081555484156,-9.73314195195752e-16
5.04054054054054,5.83208689063578,1.13338618499279e-15
5.0554054054054,5.87434177293951,1.3180255814545e-15
5.07027027027027,5.91762004941104,4.08541300291577e-15
5.08513513513513,5.96196382112225,4.56570593343337e-16
5.1,6.00741760984421,-2.06502998201731e-15
5.11486486486486,6.05402854072917,-1.47420236640661e-15
5.12972972972973,6.1018465420924,-1.57995775208208e-15
5.14459459459459,6.15092456421879,-1.21917338102969e-15
5.15945945945946,6.20131881937296,-9.21388457402306e-16
5.17432432432432,6.25308904548548,1.11377662241986e-15
5.18918918918919,6.30629879632538,-4.22599821783936e-15
5.20405405405405,6.36101576136204,-1.80005555321423e-15
5.21891891891892,6.4173121189743,-9.48479666291599e-16
5.23378378378378,6.47526492719482,1.49059054292643e-15
5.24864864864865,6.53495655679609,-1.0788527060869e-15
5.26351351351351,6.5964751722495,9.05343063181874e-17
5.27837837837838,6.6599152669385,1.14544170241773e-15
5.29324324324324,6.72537826000985,1.53405031850837e-15
5.30810810810811,6.79297316343012,5.54639850712378e-16
5.32297297297297,6.862817329219,-2.20650907951957e-15
5.33783783783784,6.93503728850117,1.93153762290955e-15
5.3527027027027,7.00976969601321,-1.26825389998594e-16
5.36756756756757,7.08716239609323,-1.05318145508927e-15
5.38243243243243,7.16737562905862,-4.5847089662152e-16
5.3972972972973,7.25058340035442,1.73385441509857e-14
5.41216216216216,7.33697503907639,-7.40339630438739e-16
5.42702702702703,7.42675697761756,1.77278871132813e-15
5.44189189189189,7.5201547904917,-5.67612619087592e-15
5.45675675675676,7.61741553814761,-1.75020149664123e-14
5.47162162162162,7.71881047119218,1.5222820278219e-14
5.48648648648649,7.82463816239294,4.82559795442144e-15
5.50135135135135,7.93522814879022,6.24946666606249e-15
5.51621621621622,8.0509451850878,1.12498211096508e-14
5.53108108108108,8.1721942333703,-5.20315120297029e-15
5.54594594594595,8.29942634466787,-1.68849393528119e-14
5.56081081081081,8.43314562706087,-9.46571816090142e-15
5.57567567567568,8.57391754575902,-1.40599203016159e-14
5.59054054054054,8.72237886685853,-1.98295025179501e-14
5.60540540540541,8.87924964378586,-5.13683447685486e-15
5.62027027027027,9.04534776153066,-4.65627223747447e-15
5.63513513513514,9.22160670969035,1.79267982733419e-14
5.65,9.40909746701094,5.34521669960951e-15
5.66486486486486,9.60905567075645,-2.69733450188367e-14
5.67972972972973,9.82291564834042,-2.07117833417311e-14
5.69459459459459,10.0523534580777,-2.25998099448855e-14
5.70945945945946,10.2993419000916,-2.02013676822112e-14
5.72432432432432,10.5662216411872,2.33425180460365e-14
5.73918918918919,10.8557943458873,-1.05736406005979e-14
5.75405405405405,11.1714463401899,5.99419297359559e-15
5.76891891891892,11.5173153885837,-2.92436457557076e-16
5.78378378378378,11.898519551491,2.62555690861781e-14
5.79864864864865,12.3214774189093,-5.06114293737611e-15
5.81351351351351,12.7943662194589,-1.70454833166013e-14
5.82837837837838,13.3277939325894,2.84537901682161e-14
5.84324324324324,13.9358145499391,-8.87739811658653e-15
5.85810810810811,14.6375147983694,-2.81349583003477e-14
5.87297297297297,15.4595959926677,4.89137282767752e-15
5.88783783783784,16.4407840144676,4.4745873015282e-14
5.9027027027027,17.6398246506158,3.0518265370175e-14
5.91756756756757,19.1511113169361,-5.83649185424491e-14
5.93243243243243,21.1383815374724,1.32811097404155e-14
5.9472972972973,23.9178271723897,-4.12609900899681e-14
5.96216216216216,28.2079655733219,-7.89680831826643e-15
5.97702702702703,36.1761662119772,-1.22725310946161e-14
5.99189189189189,60.8509087647169,-1.46994028028435e-14
6.00675675675676,-3.81535428247491e-14,66.6120595303239
6.02162162162162,3.04241458728212e-14,37.2111014073782
6.03648648648649,-4.3439263986287e-14,28.6249524660719
6.05135135135135,-3.37700036747853e-15,24.1117365912864
6.06621621621622,-4.43649079578946e-15,21.2185341900531
6.08108108108108,-3.65341179467584e-14,19.1615406962031
6.09594594594595,4.86854100009275e-15,17.6022836787602
6.11081081081081,3.09755171229095e-14,16.3675212934752
6.12567567567568,-2.38830200565416e-14,15.3581722164955
6.14054054054054,-6.0259217149539e-16,14.5129274747753
6.15540540540541,2.63991937763586e-14,13.7915470861433
6.17027027027027,1.43342565465984e-14,13.1663796991415
6.18513513513513,1.8127046242161e-14,12.6177128305151
6.2,-8.27755312218468e-16,12.1310635277119
6.21486486486487,1.33630801766642e-14,11.6955197424689
6.22972972972973,-9.16716224692008e-15,11.3026824774263
6.24459459459459,2.04912842585804e-14,10.9459673783972
6.25945945945946,-1.99533116282991e-14,10.6201298051752
6.27432432432432,-1.13894902012336e-14,10.3209335030564
6.28918918918919,-2.06389257225964e-14,10.0449142275078
6.30405405405405,-3.87605251572965e-17,9.78920775049757
6.31891891891892,2.12939441826351e-14,9.55142249951531
6.33378378378378,-9.2894183243486e-15,9.32954375603466
6.34864864864865,-8.86686147140997e-15,9.12186056848783
6.36351351351351,-7.0014812445114e-15,8.92690927715856
6.37837837837838,1.89668160696857e-14,8.74342936529059
6.39324324324324,-1.5192090146448e-14,8.57032857790024
6.40810810810811,7.42293740724766e-15,8.40665509333266
6.42297297297297,-4.535032180957e-16,8.25157512180922
6.43783783783784,-4.41691483286826e-16,8.10435472285725
6.4527027027027,1.67880496873137e-15,7.96434493358061
6.46756756756757,1.12565794076017e-15,7.83096951802983
6.48243243243243,1.27315628910181e-14,7.70371480859726
6.4972972972973,2.01922501422304e-15,7.58212122988639
6.51216216216216,3.66827885166064e-15,7.46577618532101
6.52702702702703,-5.51938842597392e-15,7.35430805488402
6.54189189189189,4.9483705730823e-15,7.24738110450348
6.55675675675676,9.43130873878573e-15,7.1446911478203
6.57162162162162,1.3745543952041e-15,7.04596183233872
6.58648648648649,-2.70200925314887e-16,6.95094144644841
6.60135135135135,-1.06050191466869e-15,6.85940016311677
6.61621621621622,2.71337483468312e-16,6.77112765137633
6.63108108108108,-1.04783933755612e-15,6.68593099897091
6.64594594594595,5.8872645572696e-16,6.60363289935581
6.66081081081081,8.4705384442884e-16,6.52407006418766
6.67567567567568,4.35185341990386e-17,6.44709182888742
6.69054054054054,-2.76983408943053e-16,6.37255892412127
6.70540540540541,2.47952603521263e-15,6.30034239035806
6.72027027027027,-1.40164049372907e-15,6.23032261621579
6.73513513513513,7.95685698185113e-16,6.16238848424853
6.75,3.68001084910419e-16,6.0964366102675
6.76486486486487,-1.8054109027239e-15,6.03237066432667
6.77972972972973,2.70804845123751e-15,5.97010076320756
6.79459459459459,9.36298023699591e-16,5.90954292567152
6.80945945945946,7.09032081600917e-16,5.85061858295497
6.82432432432432,-1.0187831236366e-15,5.79325413800533
6.83918918918919,1.4074871426188e-15,5.73738056782314
6.85405405405405,-9.79028545376576e-16,5.68293306401401
6.86891891891892,4.83188452788675e-16,5.629850707285
6.88378378378378,-1.09633560355992e-15,5.57807617216032
6.89864864864865,1.12515008849314e-15,5.52755545865492
6.91351351351351,-1.02310233549206e-15,5.47823764804453
6.92837837837838,-9.06776752746399e-16,5.43007468021491
6.94324324324324,-2.53905644890408e-17,5.38302115037242
6.95810810810811,-1.50214142194687e-16,5.33703412315667
6.97297297297297,-2.83210671456756e-16,5.29207296242114
6.98783783783784,-1.62935838862468e-15,5.2480991751444
7.0027027027027,1.96653541638974e-15,5.2050762681059
7.01756756756757,-1.13155645890174e-15,5.16296961611031
7.03243243243243,8.47443965113415e-16,5.12174634067653
7.0472972972973,-3.17188690231869e-17,5.08137519822276
7.06216216216216,3.06955003547392e-16,5.04182647688136
7.07702702702703,3.74087828239347e-16,5.0030719011671
7.09189189189189,-1.82321127993299e-16,4.96508454380174
7.10675675675676,5.1102477182865e-16,4.92783874406852
7.12162162162162,-8.9688595309748e-16,4.89131003213254
7.13648648648649,-6.41549952687304e-16,4.85547505881834
7.15135135135135,4.83552635604154e-16,4.82031153038563
7.16621621621622,-1.74706251590706e-15,4.78579814788793
7.18108108108108,7.39850376527697e-16,4.75191455073829
7.19594594594595,1.27124686526468e-15,4.71864126414127
7.21081081081081,-1.39530467490784e-16,4.68595965008209
7.22567567567568,1.88451011208533e-15,4.65385186159158
7.24054054054054,-1.14217065962497e-15,4.62230080003159
7.2554054054054,-9.37082838416377e-16,4.59129007516733
7.27027027027027,8.75815567494709e-16,4.56080396781473
7.28513513513513,-1.4669852857858e-15,4.53082739486843
7.3,-2.94525970742019e-17,4.50134587653314
7.31486486486487,7.28746921811166e-16,4.47234550559624
7.32972972972973,7.66105844893904e-16,4.44381291859293
7.34459459459459,-6.14913636878107e-16,4.41573526872747
7.35945945945946,-1.39284945796559e-15,4.38810020042582
7.37432432432432,5.62531442631831e-16,4.36089582540441
7.38918918918919,1.61615216523231e-15,4.33411070014959
7.40405405405405,-1.07869435445343e-15,4.30773380471039
7.41891891891892,1.44801593860942e-15,4.28175452271513
7.43378378378378,2.33730291310243e-16,4.25616262252906
7.44864864864865,-1.38822797767657e-15,4.23094823947697
7.46351351351351,-3.80729856980195e-16,4.20610185906023
7.47837837837838,1.35355624146064e-15,4.18161430110326
7.49324324324324,1.75611087870606e-15,4.157476704769
7.50810810810811,-6.79768896550465e-16,4.13368051438787
7.52297297297297,-6.24798568890559e-16,4.11021746604828
7.53783783783784,-1.33635401301868e-15,4.08707957490099
7.5527027027027,1.12066511792456e-16,4.06425912313262
7.56756756756757,2.89730855008549e-17,4.04174864856714
7.58243243243243,-5.89396245594772e-17,4.01954093385694
7.5972972972973,7.14536383356456e-17,3.99762899622769
7.61216216216216,5.24006646870633e-16,3.97600607774377
7.62702702702703,1.24417567866994e-15,3.95466563606335
7.64189189189189,9.71636556845531e-16,3.93360133565432
7.65675675675676,-6.90824488356297e-16,3.9128070394439
7.67162162162162,1.22534517979233e-15,3.89227680087728
7.68648648648649,-1.11171674188058e-16,3.87200485636127
7.70135135135135,-1.46255616990672e-16,3.85198561807162
7.71621621621622,2.39273014877439e-15,3.83221366710305
7.73108108108108,1.72032965328706e-15,3.8126837469432
7.74594594594595,-4.08219019431668e-16,3.79339075725224
7.76081081081081,4.38315506110464e-16,3.77432974793165
7.77567567567568,7.42106068547319e-16,3.75549591346611
7.79054054054054,-1.18927589561727e-15,3.73688458752406
7.8054054054054,-7.14915935891433e-16,3.71849123780281
7.82027027027027,-1.39221609170349e-15,3.70031146110532
7.83513513513513,-1.80070883296348e-15,3.68234097863652
7.85,-7.22207292384913e-16,3.66457563150746
7.86486486486486,7.28394575749742e-17,3.6470113764368
7.87972972972973,2.15031619958445e-16,3.62964428163922
7.89459459459459,-9.79926401431009e-16,3.61247052289145
7.90945945945946,-1.39013276253182e-15,3.59548637976668
7.92432432432432,4.57073605045696e-16,3.5786882320291
7.93918918918919,-1.30388906224589e-16,3.56207255618051
7.95405405405405,-4.97130673323268e-16,3.54563592215136
7.96891891891892,-5.76552567448968e-16,3.52937499012934
7.98378378378378,-8.76073674675228e-16,3.51328650751864
7.99864864864865,-2.9619818235685e-16,3.49736730602364
8.01351351351351,-4.85836893708933e-16,3.48161429885108
8.02837837837838,1.62619360359283e-15,3.4660244780249
8.04324324324324,-1.46074507356408e-15,3.45059491180869
8.05810810810811,-8.48808461834019e-16,3.43532274223041
8.07297297297297,-3.37335851831344e-16,3.42020518270487
8.08783783783784,1.86247624748472e-16,3.40523951574917
8.1027027027027,4.81887589693733e-16,3.39042309078709
8.11756756756757,9.45836416709324e-16,3.37575332203821
8.13243243243243,3.32266444456262e-16,3.36122768648793
8.1472972972973,-5.05329983198299e-16,3.34684372193484
8.16216216216216,-6.33207002920239e-16,3.33259902511185
8.17702702702703,4.84183834563265e-16,3.3184912498779
8.19189189189189,1.36601088077329e-15,3.30451810547717
8.20675675675676,2.84135788736171e-16,3.29067735486263
8.22162162162162,-3.19534909373098e-16,3.27696681308147
8.23648648648649,-1.86911387966833e-15,3.26338434571932
8.25135135135135,-1.89291822342267e-15,3.24992786740114
8.26621621621622,6.19813877348887e-16,3.23659534034609
8.28108108108108,-3.05283654505938e-17,3.2233847729742
8.29594594594595,1.97341910716056e-16,3.2102942185626
8.31081081081081,-2.92151343727414e-16,3.19732177394937
8.32567567567568,-1.78247085242713e-15,3.18446557828283
8.34054054054054,-1.61224629649827e-15,3.1717238118146
8.3554054054054,-7.82340898689333e-16,3.15909469473446
8.37027027027027,-2.75459730687964e-16,3.1465764860454
8.38513513513514,-3.7483234450612e-16,3.13416748247727
8.4,-1.72943251333903e-15,3.12186601743733
8.41486486486487,-7.86474794161962e-16,3.10967045999639
8.42972972972973,-9.79290047244375e-16,3.09757921390897
8.44459459459459,6.9150817563695e-16,3.08559071666629
8.45945945945946,2.33609160645684e-16,3.07370343858067
8.47432432432432,-1.20913795524864e-15,3.06191588190017
8.48918918918919,3.42017636602702e-16,3.05022657995234
8.50405405405405,-6.25644090514322e-16,3.03863409631581
8.51891891891892,-1.71971017825058e-16,3.02713702401885
8.53378378378378,-6.2354477087404e-16,3.01573398476373
8.54864864864865,-9.33046883561151e-16,3.00442362817592
8.56351351351351,-1.62122580992243e-15,2.99320463107725
8.57837837837838,-2.56561429777424e-16,2.9820756967821
8.59324324324324,-5.88262848973653e-16,2.97103555441572
8.60810810810811,-3.52474661438634e-16,2.96008295825397
8.62297297297297,2.78981008836482e-16,2.94921668708354
8.63783783783784,1.5033155434606e-15,2.93843554358206
8.6527027027027,1.56801808562807e-15,2.92773835371724
8.66756756756757,-1.35059294510131e-15,2.91712396616443
8.68243243243243,3.75046180553297e-16,2.90659125174193
8.6972972972973,-1.11485975269213e-15,2.89613910286337
8.71216216216216,1.20802256289066e-15,2.88576643300659
8.72702702702703,-4.00376755764511e-16,2.87547217619846
8.74189189189189,-2.20976130672703e-15,2.86525528651499
8.75675675675676,-8.64828225584495e-16,2.85511473759626
8.77162162162162,-7.61956654138818e-16,2.84504952217571
8.78648648648649,-9.14459209411948e-16,2.83505865162311
8.80135135135135,-5.92086194425726e-16,2.82514115550099
8.81621621621622,-1.17404225676408e-15,2.81529608113378
8.83108108108108,6.60598371476134e-16,2.80552249318949
8.84594594594595,1.36808982744535e-15,2.79581947327338
8.86081081081081,-1.06880892500135e-15,2.78618611953318
8.87567567567567,-8.67146642339035e-16,2.7766215462755
8.89054054054054,-2.0635329630652e-16,2.76712488359323
8.90540540540541,9.76919849765503e-16,2.75769527700319
8.92027027027027,-7.10896868655313e-16,2.74833188709406
8.93513513513513,1.04771747234743e-16,2.7390338891841
8.95,-1.40921995917881e-15,2.72980047298822
8.96486486486486,-1.37252265246104e-15,2.7206308422944
8.97972972972973,-5.82556522565787e-16,2.7115242146488
8.99459459459459,6.28571575562503e-16,2.70247982104957
9.00945945945946,1.59216444342958e-15,2.69349690564892
9.02432432432432,1.76822119299177e-16,2.68457472546325
9.03918918918919,-1.36465838867615e-16,2.67571255009101
9.05405405405405,2.21765880447033e-16,2.66690966143821
9.06891891891892,-2.35052605464377e-16,2.65816535345109
9.08378378378378,4.65902371283811e-16,2.649478931856
9.09864864864865,6.1987939224649e-17,2.64084971390605
9.11351351351351,-1.11837713756028e-16,2.63227702813444
9.12837837837838,-1.71280526968944e-15,2.62376021411415
9.14324324324324,1.89201931218757e-15,2.61529862222401
9.15810810810811,8.71640202976879e-16,2.60689161342066
9.17297297297297,-6.22790257238876e-16,2.59853855901649
9.18783783783784,1.39281332986057e-15,2.59023884046321
9.2027027027027,-3.06909871820802e-15,2.58199184914096
9.21756756756757,6.31331324304318e-16,2.57379698615271
9.23243243243243,6.11582333400528e-16,2.56565366212394
9.2472972972973,9.14574623213416e-16,2.5575612970073
9.26216216216216,1.18963616430248e-16,2.54951931989214
9.27702702702703,1.22578434116359e-15,2.54152716881884
9.29189189189189,8.40580730725165e-16,2.53358429059768
9.30675675675676,-1.33739527822435e-16,2.52569014063221
9.32162162162162,-4.43260912403166e-16,2.51784418274697
9.33648648648649,5.36909800569369e-16,2.51004588901939
9.35135135135135,6.48237096868797e-16,2.50229473961581
9.36621621621622,1.64883830870701e-15,2.49459022263147
9.38108108108108,-2.12115225087842e-15,2.48693183393432
9.39594594594594,-1.35734127042327e-15,2.47931907701267
9.41081081081081,1.84966002440244e-15,2.47175146282637
9.42567567567568,-9.70858793012769e-16,2.46422850966162
9.44054054054054,-1.0111121973656e-15,2.4567497429892
9.45540540540541,1.47814311392244e-15,2.44931469532605
9.47027027027027,7.57748423038743e-16,2.44192290610004
9.48513513513513,-1.51200918835097e-15,2.43457392151801
9.5,3.42816458066133e-16,2.42726729443682
9.51486486486487,-6.29701556275227e-16,2.4200025842374
9.52972972972973,1.69950128479797e-15,2.4127793567017
9.54459459459459,4.36645519330674e-16,2.40559718389251
9.55945945945946,-2.19124545516949e-17,2.39845564403601
9.57432432432432,7.17573039663783e-16,2.39135432140695
9.58918918918919,9.70898831030711e-16,2.38429280621657
9.60405405405406,1.31545038199017e-15,2.37727069450288
9.61891891891892,1.83279689116831e-15,2.37028758802357
9.63378378378378,-1.07785546168328e-15,2.36334309415123
9.64864864864865,7.56444922075847e-16,2.35643682577092
9.66351351351351,2.04463326332066e-16,2.3495684011801
9.67837837837838,2.02125122614334e-16,2.34273744399062
9.69324324324324,-1.09118663060114e-15,2.33594358303306
9.70810810810811,1.26443290858723e-15,2.32918645226303
9.72297297297297,-4.15386061091765e-16,2.32246569066958
9.73783783783784,5.29073046082738e-16,2.3157809421856
9.7527027027027,-1.40840739100405e-15,2.30913185560017
9.76756756756757,-1.41431761376101e-16,2.30251808447282
9.78243243243243,4.48225161691038e-16,2.29593928704957
9.7972972972973,1.15900011968693e-15,2.28939512618088
9.81216216216216,-7.28654578183941e-16,2.28288526924124
9.82702702702703,-8.06388424177973e-17,2.27640938805058
9.84189189189189,-1.48510050976066e-15,2.26996715879725
9.85675675675676,7.77615676658034e-16,2.26355826196271
9.87162162162162,-1.35555704787886e-15,2.25718238224774
9.88648648648649,-1.37371873505032e-15,2.25083920850024
9.90135135135135,-1.42747316053933e-16,2.24452843364449
9.91621621621622,1.96493916144342e-16,2.23824975461196
9.93108108108108,2.38662135452359e-16,2.2320028722735
9.94594594594595,2.02824024031846e-15,2.22578749137288
9.96081081081081,3.74309500499136e-16,2.21960332046185
9.97567567567568,-1.4027368186709e-16,2.21345007183633
9.99054054054054,-1.02399704331544e-16,2.20732746147411
10.0054054054054,8.39107560381021e-16,2.20123520897362
10.0202702702703,9.98932909826348e-16,2.19517303749413
10.0351351351351,-1.87458458135128e-15,2.18914067369698
10.05,1.06611246141371e-16,2.1831378476881
10.0648648648649,2.7521524674458e-15,2.17716429296168
10.0797297297297,6.835594272212e-16,2.17121974634495
10.0945945945946,1.09728838430345e-15,2.16530394794395
10.1094594594595,-3.86957514530083e-16,2.1594166410906
10.1243243243243,-8.1582605709128e-16,2.15355757229064
10.1391891891892,1.41696311389257e-15,2.1477264911726
10.1540540540541,6.86223251820347e-16,2.14192315043786
10.1689189189189,-6.26763877923279e-16,2.13614730581164
10.1837837837838,9.49066882505767e-16,2.1303987159949
10.1986486486486,5.54992191356043e-16,2.12467714261727
10.2135135135135,5.00155066605222e-16,2.11898235019078
10.2283783783784,1.88677676241972e-15,2.11331410606458
10.2432432432432,-1.63948372718907e-15,2.10767218038046
10.2581081081081,-1.67591168440694e-15,2.10205634602921
10.272972972973,8.90022783216185e-16,2.09646637860794
10.2878378378378,-1.89138940460027e-15,2.09090205637801
10.3027027027027,-1.26465471013213e-15,2.08536316022392
10.3175675675676,-1.20875482844608e-15,2.07984947361289
10.3324324324324,-2.47957512706422e-15,2.07436078255525
10.3472972972973,-1.41544770555011e-15,2.06889687556551
10.3621621621622,8.98528724731728e-16,2.06345754362425
10.377027027027,-1.12721070172272e-15,2.05804258014059
10.3918918918919,-1.87782978555604e-16,2.05265178091545
10.4067567567568,1.11726904032725e-15,2.04728494410551
10.4216216216216,-1.12930212065964e-15,2.04194187018772
10.4364864864865,-2.62482330011162e-16,2.03662236192457
10.4513513513514,5.99280395855501e-16,2.03132622432993
10.4662162162162,9.66762402926242e-16,2.02605326463558
10.4810810810811,2.31819489120744e-15,2.02080329225821
10.4959459459459,3.81034857361329e-16,2.01557611876722
10.5108108108108,-3.16056814763071e-16,2.01037155785288
10.5256756756757,9.70981636524659e-16,2.00518942529528
10.5405405405405,-6.83465121792496e-16,2.00002953893367
10.5554054054054,-8.35125933958328e-16,1.99489171863636
10.5702702702703,3.80484664013624e-16,1.98977578627131
10.5851351351351,4.75010672392573e-16,1.98468156567704
10.6,-1.83602473911094e-15,1.97960888263418
10.6148648648649,-1.73031510024807e-16,1.97455756483751
10.6297297297297,-1.0083003384368e-15,1.96952744186842
10.6445945945946,1.86888234451874e-15,1.96451834516793
10.6594594594595,8.49492206887842e-16,1.95953010801016
10.6743243243243,-9.26783709988229e-16,1.95456256547622
10.6891891891892,-3.03059901238045e-16,1.9496155544286
10.7040540540541,8.31378256545593e-16,1.94468891348602
10.7189189189189,1.56013526541508e-15,1.93978248299861
10.7337837837838,-7.91496686819065e-16,1.93489610502366
10.7486486486486,6.02602893956201e-16,1.93002962330165
10.7635135135135,1.76867563440047e-16,1.92518288323279
10.7783783783784,-7.38634335588969e-16,1.92035573185389
10.7932432432432,-1.8569621472118e-15,1.9155480178157
10.8081081081081,-1.65256662831211e-15,1.91075959136051
10.822972972973,6.12732045234452e-16,1.90599030430026
10.8378378378378,1.22417606306687e-15,1.90124000999494
10.8527027027027,2.05704084200839e-16,1.89650856333134
10.8675675675676,4.99548568508615e-17,1.89179582070224
10.8824324324324,-1.60113127160239e-15,1.88710163998586
10.8972972972973,-5.37167986465181e-16,1.88242588052566
10.9121621621622,6.88558168633426e-16,1.87776840311052
10.927027027027,-3.08616078849672e-16,1.87312906995526
10.9418918918919,1.02020340986841e-15,1.86850774468133
10.9567567567568,1.29360671786479e-15,1.86390429229803
10.9716216216216,-6.30782521043402e-16,1.85931857918392
10.9864864864865,-6.29039488569322e-16,1.85475047306846
11.0013513513514,2.77755482663458e-15,1.85019984301418
11.0162162162162,4.7856516368411e-16,1.84566655939886
11.0310810810811,1.36070099643083e-15,1.84115049389817
11.0459459459459,1.71078081553393e-15,1.83665151946861
11.0608108108108,-2.35910877083654e-16,1.83216951033056
11.0756756756757,1.935576142875e-15,1.82770434195178
11.0905405405405,-2.55379157397922e-15,1.82325589103109
11.1054054054054,-3.81465669813452e-16,1.81882403548225
11.1202702702703,1.35054026153441e-15,1.81440865441825
11.1351351351351,-4.46337790466597e-17,1.81000962813568
11.15,2.04312983593009e-15,1.80562683809949
11.1648648648649,-5.87946551931874e-16,1.80126016692786
11.1797297297297,-2.34251140539667e-15,1.79690949837743
11.1945945945946,-1.85052715099925e-16,1.79257471732866
11.2094594594595,-3.98175982926321e-16,1.78825570977149
11.2243243243243,-8.42865726424716e-17,1.78395236279113
11.2391891891892,1.26961241226612e-15,1.77966456455423
11.2540540540541,2.30073970740161e-15,1.77539220429505
11.2689189189189,6.96041660569724e-16,1.77113517230207
11.2837837837838,6.29821566863437e-16,1.76689335990458
11.2986486486486,-1.68412975191174e-15,1.76266665945969
11.3135135135135,-2.09768924696535e-15,1.75845496433933
11.3283783783784,1.18825553196637e-15,1.75425816891767
11.3432432432432,1.3292328215261e-15,1.75007616855851
11.3581081081081,-1.02306999776485e-16,1.745908859603
11.372972972973,1.24007737367288e-15,1.74175613935753
11.3878378378378,-1.78927793431993e-15,1.73761790608175
11.4027027027027,1.31132690375718e-15,1.7334940589768
11.4175675675676,2.79728591194735e-16,1.72938449817375
11.4324324324324,-1.25422013200786e-15,1.72528912472213
11.4472972972973,-1.17074476399606e-15,1.72120784057869
11.4621621621622,2.00367135817018e-15,1.71714054859633
11.477027027027,-3.00181123583429e-15,1.71308715251319
11.4918918918919,-1.53477535913492e-15,1.70904755694183
11.5067567567568,7.34263060246468e-16,1.70502166735868
11.5216216216216,1.94810900299067e-15,1.70100939009358
11.5364864864865,-1.48820523291963e-16,1.69701063231944
11.5513513513514,2.40217269087991e-16,1.69302530204218
11.5662162162162,1.14730969649245e-15,1.68905330809065
11.5810810810811,-2.40221926008871e-15,1.68509456010678
11.5959459459459,-2.98805875712578e-16,1.68114896853597
11.6108108108108,-1.17549518805881e-15,1.67721644461733
11.6256756756757,8.13082859730552e-16,1.67329690037446
11.6405405405405,-1.80196148831356e-15,1.66939024860597
11.6554054054054,-1.9558201946426e-15,1.66549640287641
11.6702702702703,-4.91386767369474e-16,1.6616152775072
11.6851351351351,-6.70623701207892e-16,1.65774678756776
11.7,3.19711494596397e-17,1.65389084886663
11.7148648648649,2.64275117040781e-16,1.65004737794294
11.7297297297297,-1.18310288821976e-15,1.64621629205777
11.7445945945946,-1.41862824237071e-15,1.64239750918576
11.7594594594595,-1.2772589535986e-15,1.63859094800686
11.7743243243243,-2.29811273886414e-15,1.63479652789808
11.7891891891892,-4.35786434624218e-18,1.63101416892544
11.8040540540541,1.8205136307195e-15,1.62724379183601
11.8189189189189,-3.50246682066978e-17,1.6234853180501
11.8337837837838,1.23875610909767e-15,1.61973866965346
11.8486486486486,3.93798791933137e-16,1.61600376938968
11.8635135135135,-5.99483915026589e-16,1.61228054065264
11.8783783783784,4.86104344548886e-16,1.60856890747913
11.8932432432432,-1.44101849384311e-15,1.60486879454148
11.9081081081081,8.37519413087252e-16,1.60118012714032
11.922972972973,7.73438069216729e-16,1.59750283119753
11.9378378378378,-1.4932101542579e-16,1.59383683324914
11.9527027027027,8.01960999479459e-16,1.5901820604384
11.9675675675676,-3.21133049615338e-16,1.58653844050896
11.9824324324324,-1.11435245108021e-15,1.58290590179815
11.9972972972973,-1.19995694391926e-15,1.57928437323022
12.0121621621622,2.43939777025832e-15,1.57567378430987
12.027027027027,-1.39633274660208e-15,1.57207406511573
12.0418918918919,-1.26197667092091e-15,1.56848514629394
12.0567567567568,2.44476151176997e-15,1.56490695905186
12.0716216216216,1.26923731939045e-15,1.56133943515184
12.0864864864865,6.27950000329437e-16,1.55778250690507
12.1013513513514,1.84671289840564e-15,1.5542361071655
12.1162162162162,8.04159904616498e-16,1.55070016932387
12.1310810810811,1.11467276237969e-15,1.54717462730179
12.1459459459459,-1.44804427846564e-16,1.54365941554592
12.1608108108108,-2.85475469821587e-15,1.54015446902218
12.1756756756757,-7.09496807475346e-16,1.53665972321011
12.1905405405405,5.74996000586804e-16,1.53317511409723
12.2054054054054,3.35284325608261e-15,1.52970057817352
12.2202702702703,-8.43261722276558e-16,1.52623605242595
12.2351351351351,-1.12332472470817e-15,1.52278147433306
12.25,-1.43969276063481e-15,1.51933678185969
12.2648648648649,2.41842549949536e-16,1.51590191345165
12.2797297297297,-1.01078967845732e-15,1.51247680803058
12.2945945945946,-7.09131501665116e-17,1.50906140498881
12.3094594594595,-2.72974563750174e-15,1.50565564418428
12.3243243243243,7.14524189936221e-16,1.50225946593557
12.3391891891892,-3.1119177220389e-16,1.49887281101692
12.3540540540541,-1.4123003703171e-15,1.49549562065342
12.3689189189189,-1.27537857630916e-15,1.49212783651614
12.3837837837838,-7.95902931496398e-16,1.4887694007174
12.3986486486486,-2.71371177580595e-15,1.4854202558061
12.4135135135135,-7.94649258250733e-16,1.48208034476301
12.4283783783784,-1.18782072195745e-15,1.47874961099627
12.4432432432432,-3.47372831059101e-15,1.47542799833685
12.4581081081081,-4.73484210895426e-16,1.47211545103403
12.472972972973,2.41062306552526e-16,1.46881191375106
12.4878378378378,4.71281669816638e-16,1.46551733156076
12.5027027027027,2.74488224416764e-16,1.46223164994122
12.5175675675676,-1.97749359950677e-16,1.45895481477154
12.5324324324324,-9.3906491616882e-16,1.45568677232765
12.5472972972973,-8.28887946571541e-16,1.45242746927814
12.5621621621622,1.30678738205795e-15,1.44917685268018
12.577027027027,1.66047837038737e-16,1.44593486997543
12.5918918918919,-9.57036960917319e-16,1.44270146898607
12.6067567567568,-1.08096873826867e-15,1.43947659791083
12.6216216216216,-9.49119408066213e-16,1.4362602053211
12.6364864864865,2.26550611784431e-15,1.43305224015702
12.6513513513514,-6.29057783329335e-17,1.42985265172373
12.6662162162162,-6.02236914075718e-16,1.42666138968753
12.6810810810811,1.8525916150051e-16,1.42347840407222
12.6959459459459,3.49523890383883e-16,1.42030364525534
12.7108108108108,-1.66692568265171e-15,1.41713706396461
12.7256756756757,1.08476851868358e-15,1.41397861127425
12.7405405405405,8.81376902958263e-16,1.41082823860151
12.7554054054054,-1.09848301518428e-15,1.40768589770307
12.7702702702703,6.08074210250556e-16,1.40455154067163
12.7851351351351,-1.10078479788459e-15,1.40142511993243
12.8,-3.76317890836348e-16,1.39830658823988
12.8148648648649,2.00003317126634e-15,1.3951958986742
12.8297297297297,3.44239920286416e-16,1.39209300463808
12.8445945945946,1.06465126333015e-15,1.38899785985344
12.8594594594595,3.9248331389841e-16,1.38591041835815
12.8743243243243,1.36984306089164e-15,1.38283063450282
12.8891891891892,-7.56624102937817e-16,1.37975846294768
12.9040540540541,-1.21455428044215e-16,1.37669385865936
12.9189189189189,-1.260572672829e-15,1.37363677690788
12.9337837837838,-2.57562863143352e-16,1.37058717326353
12.9486486486486,-1.55766171789269e-15,1.36754500359382
12.9635135135135,-7.58985497772078e-16,1.36451022406055
12.9783783783784,3.9524355915953e-16,1.36148279111679
12.9932432432432,-1.8042690416269e-15,1.35846266150396
13.0081081081081,-2.32863429819899e-15,1.35544979224894
13.022972972973,-1.70228225111867e-17,1.35244414066119
13.0378378378378,1.94161855866985e-15,1.34944566432991
13.0527027027027,-1.8494471459644e-15,1.34645432112124
13.0675675675676,-1.21776029911694e-15,1.34347006917551
13.0824324324324,-1.09860945690512e-15,1.34049286690442
13.0972972972973,1.02059831769103e-15,1.33752267298842
13.1121621621622,5.64892008352466e-16,1.33455944637392
13.127027027027,-6.76781911153615e-16,1.33160314627073
13.1418918918919,1.30203013792071e-15,1.32865373214935
13.1567567567568,4.24482872219267e-16,1.32571116373841
13.1716216216216,-4.49423521877152e-16,1.32277540102208
13.1864864864865,-2.15572225513112e-15,1.31984640423753
13.2013513513514,1.26431462959084e-15,1.31692413387239
13.2162162162162,2.51591606211093e-15,1.31400855066229
13.2310810810811,1.69188178096133e-15,1.31109961558835
13.2459459459459,-1.61742599716472e-15,1.30819728987474
13.2608108108108,1.03747096450167e-15,1.3053015349863
13.2756756756757,-3.39030714144865e-16,1.30241231262611
13.2905405405405,-1.60650162090689e-16,1.29952958473314
13.3054054054054,-1.74896093212019e-15,1.29665331347988
13.3202702702703,1.85227261357137e-15,1.29378346127004
13.3351351351351,-1.14631229205496e-15,1.29091999073626
13.35,-8.00523874243992e-16,1.2880628647378
13.3648648648649,2.30736930160473e-15,1.28521204635834
13.3797297297297,1.99110128172836e-15,1.28236749890369
13.3945945945946,-1.67415025690684e-15,1.27952918589962
13.4094594594595,1.54530512398109e-15,1.2766970710897
13.4243243243243,-1.62910036474615e-15,1.27387111843305
13.4391891891892,1.71617158562e-15,1.27105129210231
13.4540540540541,-3.72502790917737e-16,1.26823755648142
13.4689189189189,-2.20647836129974e-15,1.26542987616357
13.4837837837838,-4.55216571798056e-16,1.26262821594912
13.4986486486486,-2.59897736764976e-16,1.25983254084351
13.5135135135135,7.66513540135218e-16,1.25704281605527
13.5283783783784,-2.26944313305862e-15,1.25425900699394
13.5432432432432,-1.90564344385356e-15,1.2514810792681
13.5581081081081,-5.12249562476005e-16,1.2487089986834
13.572972972973,4.19099333138539e-16,1.24594273124055
13.5878378378378,1.76841619248679e-15,1.24318224313344
13.6027027027027,-1.42925264933119e-16,1.24042750074716
13.6175675675676,7.25957275053897e-16,1.23767847065608
13.6324324324324,2.38981551842126e-15,1.23493511962204
13.6472972972973,-1.91294971617185e-15,1.23219741459237
13.6621621621622,-1.14343745641452e-15,1.22946532269812
13.677027027027,-8.23052230411913e-16,1.22673881125215
13.6918918918919,3.20801756538428e-16,1.22401784774738
13.7067567567568,-1.88094268512727e-16,1.2213023998549
13.7216216216216,-1.55551538817746e-15,1.21859243542225
13.7364864864865,1.81536985970993e-16,1.21588792247161
13.7513513513514,-9.00717613088632e-16,1.21318882919804
13.7662162162162,5.24297272203784e-16,1.21049512396776
13.7810810810811,-2.4720355857615e-15,1.20780677531638
13.7959459459459,1.55834442821104e-15,1.20512375194723
13.8108108108108,-1.0753883617299e-15,1.20244602272964
13.8256756756757,5.97834711422206e-16,1.19977355669725
13.8405405405405,-1.4681625143825e-15,1.19710632304637
13.8554054054054,9.10273807079137e-16,1.19444429113427
13.8702702702703,2.35076391367567e-15,1.19178743047761
13.8851351351351,9.32516494594031e-16,1.18913571075075
13.9,2.91970233208915e-15,1.18648910178417
13.9148648648649,-9.3446546480981e-16,1.18384757356285
13.9297297297297,5.27449941798159e-16,1.18121109622472
13.9445945945946,1.81197598157784e-15,1.17857964005902
13.9594594594595,4.88338400871427e-17,1.1759531755048
13.9743243243243,-2.66483678492977e-15,1.17333167314936
13.9891891891892,3.24856999346492e-16,1.17071510372666
14.0040540540541,1.28893036531325e-15,1.16810343811587
14.0189189189189,2.46487747116082e-16,1.16549664733981
14.0337837837838,2.04866850172757e-16,1.16289470256347
14.0486486486486,-3.40502337603052e-15,1.1602975750925
14.0635135135135,-1.19546017111865e-17,1.15770523637176
14.0783783783784,1.04479827528902e-16,1.15511765798382
14.0932432432432,-9.90371022471009e-16,1.15253481164755
14.1081081081081,1.41965073734754e-15,1.14995666921662
14.122972972973,1.43571532978123e-15,1.14738320267813
14.1378378378378,-3.5471062516201e-16,1.14481438415112
14.1527027027027,-7.64921680290479e-16,1.1422501858852
14.1675675675676,2.09848872039038e-16,1.13969058025914
14.1824324324324,-1.8356770158879e-17,1.13713553977949
14.1972972972973,-3.02554036184346e-16,1.13458503707916
14.2121621621622,2.09050923056113e-17,1.13203904491607
14.227027027027,2.99992247342902e-15,1.12949753617181
14.2418918918919,7.14556722319081e-16,1.12696048385022
14.2567567567568,1.37345147848681e-16,1.12442786107614
14.2716216216216,2.11802800833034e-16,1.12189964109399
14.2864864864865,2.68761505885751e-15,1.11937579726647
14.3013513513514,1.98116444392222e-16,1.11685630307328
14.3162162162162,4.26839306693956e-16,1.11434113210974
14.3310810810811,1.76871080703116e-15,1.11183025808556
14.3459459459459,6.8978218987407e-16,1.1093236548235
14.3608108108108,9.34037926569176e-16,1.1068212962581
14.3756756756757,3.01116200899202e-15,1.10432315643441
14.3905405405405,-2.720997688686e-15,1.10182920950671
14.4054054054054,-1.75065575976293e-15,1.09933942973727
14.4202702702703,2.28698041796428e-15,1.09685379149507
14.4351351351351,-1.18331842264339e-15,1.09437226925456
14.45,1.32565998360366e-15,1.09189483759444
14.4648648648649,1.40035661357135e-15,1.08942147119642
14.4797297297297,-7.61069553774451e-16,1.08695214484397
14.4945945945946,1.32770515280394e-15,1.08448683342115
14.5094594594595,3.20232675906375e-16,1.08202551191135
14.5243243243243,1.83666233275018e-15,1.07956815539612
14.5391891891892,-3.62077353352305e-16,1.07711473905396
14.5540540540541,4.39786624453904e-16,1.07466523815913
14.5689189189189,-1.69316450657059e-15,1.07221962808044
14.5837837837838,-1.72309257383814e-16,1.06977788428013
14.5986486486486,-4.47065104186695e-16,1.06733998231262
14.6135135135135,2.07639972343397e-16,1.06490589782342
14.6283783783784,6.73645219006926e-16,1.06247560654788
14.6432432432432,-1.4439399573315e-15,1.06004908431011
14.6581081081081,5.43163493503758e-16,1.05762630702181
14.672972972973,1.68902356794586e-15,1.05520725068107
14.6878378378378,-1.23599173272617e-15,1.0527918913713
14.7027027027027,-6.61701170585995e-17,1.05038020526004
14.7175675675676,-7.17223296593468e-16,1.04797216859788
14.7324324324324,-2.1367672106917e-15,1.04556775771727
14.7472972972973,-9.55640645700399e-16,1.04316694903144
14.7621621621622,1.60562502997004e-15,1.04076971903327
14.777027027027,-2.22783227794408e-15,1.03837604429418
14.7918918918919,7.22421936493086e-16,1.03598590146299
14.8067567567568,1.7444291215124e-15,1.03359926726487
14.8216216216216,-1.74041268849316e-15,1.03121611850017
14.8364864864865,2.35126072148528e-15,1.02883643204338
14.8513513513514,1.21546961273215e-15,1.02646018484199
14.8662162162162,6.23261358617306e-16,1.02408735391543
14.8810810810811,-1.50123228643503e-15,1.02171791635397
14.8959459459459,1.12056413092014e-15,1.0193518493176
14.9108108108108,-1.11249556326583e-15,1.01698913003501
14.9256756756757,-9.01306857382601e-16,1.01462973580247
14.9405405405405,-6.89110873022389e-16,1.01227364398274
14.9554054054054,4.35678228720649e-16,1.00992083200405
14.9702702702703,5.38055094258209e-16,1.00757127735896
14.9851351351351,1.71645791366374e-15,1.00522495760333
15,-1.10176237890372e-15,1.00288185035527
