0.15,4.59426425118354,2.48766317368396e-27
0.164864864864865,4.59672001096138,2.734253558096e-27
0.17972972972973,4.5994173697341,2.98086321672428e-27
0.194594594594595,4.60235902967347,3.22749427907184e-27
0.209459459459459,4.60554795782503,3.47414899423836e-27
0.224324324324324,4.60898739446342,3.7208297488244e-27
0.239189189189189,4.61268086231071,3.96753908702261e-27
0.254054054054054,4.61663217666869,4.21427973317891e-27
0.268918918918919,4.62084545652194,4.46105461713702e-27
0.283783783783784,4.62532513667459,4.70786690271502e-27
0.298648648648649,4.63007598099113,4.95472001970261e-27
0.313513513513514,4.63510309681867,5.20161769981311e-27
0.328378378378378,4.640411950677,5.44856401707624e-27
0.343243243243243,4.64600838531168,5.69556343321635e-27
0.358108108108108,4.65189863821575,5.94262084862839e-27
0.372972972972973,4.65808936173709,6.18974165963989e-27
0.387837837837838,4.6645876449009,6.43693182283511e-27
0.402702702702703,4.67140103709083,6.68419792731663e-27
0.417567567567568,4.67853757374794,6.93154727589414e-27
0.432432432432432,4.68600580426408,7.17898797632007e-27
0.447297297297297,4.69381482226576,7.42652904384155e-27
0.462162162162162,4.70197429850645,7.67418051650921e-27
0.477027027027027,4.71049451660991,7.92195358488069e-27
0.491891891891892,4.71938641193455,8.16986073798311e-27
0.506756756756757,4.72866161386017,8.4179159276603e-27
0.521621621621622,4.7383324918335,8.66613475373212e-27
0.536486486486486,4.74841220554873,8.91453467274239e-27
0.551351351351351,4.75891475968427,9.16313523347606e-27
0.566216216216216,4.76985506366831,9.41195834289601e-27
0.581081081081081,4.78124899700391,9.66102856669568e-27
0.595945945945946,4.79311348075078,9.91037346930053e-27
0.610810810810811,4.805466555837,1.01600239988943e-26
0.625675675675676,4.81832746896071,1.0410014923917e-26
0.640540540540541,4.83171676694169,1.06603853285018e-26
0.655405405405405,4.84565640049749,1.09111791755199e-26
0.67027027027027,4.86016983855115,1.11624459473158e-26
0.685135135135135,4.87528219433063,1.14142413758913e-26
0.7,4.89102036469692,1.16666282762758e-26
0.714864864864865,4.90741318434421,1.19196774991778e-26
0.72972972972973,4.92449159675478,1.21734690218175e-26
0.744594594594595,4.94228884407154,1.24280931991943e-26
0.759459459459459,4.9608406783792,1.26836522020624e-26
0.774324324324324,4.98018559726997,1.29402616727218e-26
0.789189189189189,5.00036510702416,1.31980526355609e-26
0.804054054054054,5.02142401727217,1.34571737063491e-26
0.818918918918919,5.04341077164123,1.37177936528499e-26
0.833783783783784,5.0663778196473,1.39801043697855e-26
0.848648648648649,5.09038203599758,1.42443243439854e-26
0.863513513513514,5.11548519455317,1.45107027012863e-26
0.878378378378378,5.14175450550722,1.47795239461781e-26
0.893243243243243,5.16926322591094,1.50511135292759e-26
0.908108108108108,5.19809135559469,1.53258444076998e-26
0.922972972972973,5.22832643286486,1.56041448010055e-26
0.937837837837838,5.26006444721622,1.58865073925632e-26
0.952702702702703,5.29341088981759,1.61735002860656e-26
0.967567567567568,5.32848196688153,1.64657801028946e-26
0.982432432432432,5.36540600644386,1.67641077034105e-26
0.997297297297297,5.40432509585225,1.7069367140572e-26
1.01216216216216,5.44539699578941,1.73825886167981e-26
1.02702702702703,5.4887973874546,1.77049764271331e-26
1.04189189189189,5.5347225232979,1.80379431508096e-26
1.05675675675676,5.58339236938568,1.83831517231999e-26
1.07162162162162,5.63505435036012,1.87425675146134e-26
1.08648648648649,5.68998783780572,1.91185232092889e-26
1.10135135135135,5.74850956210929,1.95138001859465e-26
1.11621621621622,5.81098018004243,1.99317313501684e-26
1.13108108108108,5.87781230020669,2.03763321053973e-26
1.14594594594595,5.94948036320065,2.08524685921275e-26
1.16081081081081,6.02653290315355,2.13660758045006e-26
1.17567567567568,6.10960789727461,2.19244432175879e-26
1.19054054054054,6.19945216302379,2.25365929195638e-26
1.20540540540541,6.2969461230825,2.3213786200483e-26
1.22027027027027,6.40313578031149,2.39702111457004e-26
1.23513513513514,6.51927451352718,2.48239293997369e-26
1.25,6.64687845800115,2.57982006413124e-26
1.26486486486486,6.78780100024175,2.69233684227587e-26
1.27972972972973,6.94433468255736,2.82395987470614e-26
1.29459459459459,7.11935325727634,2.98009461139742e-26
1.30945945945946,7.31651397845278,3.16815440310221e-26
1.32432432432432,7.54055276588925,3.39853043137044e-26
1.33918918918919,7.79772710508771,3.68616252334771e-26
1.35405405405405,8.09650263760907,4.05318321030572e-26
1.36891891891892,8.44865921676881,4.53357604109489e-26
1.38378378378378,8.8711566363527,5.18184483132486e-26
1.39864864864865,9.38946382369658,6.0902674627381e-26
1.41351351351351,10.0439325149481,7.42625581524256e-26
1.42837837837838,10.9031607775593,9.52261056045901e-26
1.44324324324324,12.0956685425739,1.31305411551226e-25
1.45810810810811,13.8994714729639,2.03005603097026e-25
1.47297297297297,17.0781749461259,3.87558635529372e-25
1.48783783783784,25.1163699067834,1.2831001531849e-24
1.5027027027027,1.23767023553719e-23,52.5436296621222
1.51756756756757,7.63455473528542e-25,20.3163526282294
1.53243243243243,3.1480020982097e-25,14.733597567033
1.5472972972973,1.87034866337415e-25,12.016564290364
1.56216216216216,1.31322916743795e-25,10.3187090297985
1.57702702702703,1.01748821506769e-25,9.1207948530574
1.59189189189189,8.42161145260222e-26,8.21186476101749
1.60675675675676,7.31101141945137e-26,7.48775942645152
1.62162162162162,6.58012213099116e-26,6.89028643812806
1.63648648648649,6.09131632523821e-26,6.38400991363939
1.65135135135135,5.7665219395334e-26,5.94592879053789
1.66621621621622,5.55871066641704e-26,5.56035632611099
1.68108108108108,5.43825775637251e-26,5.21616127705996
1.69594594594595,5.38589859481026e-26,4.90518196020018
1.71081081081081,5.38886675901088e-26,4.62126542610307
1.72567567567568,5.43867564791152e-26,4.35965938979794
1.74054054054054,5.52980117517448e-26,4.1166128137316
1.75540540540541,5.65888669987272e-26,3.88910482118519
1.77027027027027,5.82426909172409e-26,3.67465511957817
1.78513513513514,6.02571747467093e-26,3.47118752789071
1.8,6.26432838228773e-26,3.27692870509288
1.81486486486486,6.54255420252398e-26,3.0903303267668
1.82972972972973,6.86436757679155e-26,2.91000658785641
1.84459459459459,7.23559111457418e-26,2.73468097574873
1.85945945945946,7.66445826286444e-26,2.56313722561322
1.87432432432432,8.16253151816951e-26,2.39416937442691
1.88918918918919,8.74621643306415e-26,2.22652467992091
1.90405405405405,9.43933718586257e-26,2.05883016307966
1.91891891891892,1.02777380376384e-25,1.88948687087348
1.93378378378378,1.13180715199225e-25,1.71650105257973
1.94864864864865,1.26561438663911e-25,1.53718557812448
1.96351351351351,1.4470151016079e-25,1.34756790309725
1.97837837837838,1.71420710160472e-25,1.14102976496536
1.99324324324324,2.17087193153157e-25,0.90440873813162
2.00810810810811,3.2807581987657e-25,0.601079924315197
2.02297297297297,0.265299635228627,7.46993862704641e-25
2.03783783783784,0.692232431458698,2.87848086155026e-25
2.0527027027027,0.931118105708106,2.15260448924171e-25
2.06756756756757,1.11150616606143,1.81461064399733e-25
2.08243243243243,1.2593992090671,1.61218037721489e-25
2.0972972972973,1.38573374637428,1.47543200847018e-25
2.11216216216216,1.49639074389175,1.37626715602273e-25
2.12702702702703,1.59498481075676,1.30093292214376e-25
2.14189189189189,1.68393522818443,1.24180713537313e-25
2.15675675675676,1.76496013406755,1.19428425257584e-25
2.17162162162162,1.8393341456763,1.15539817546708e-25
2.18648648648649,1.90803499902084,1.12314245965511e-25
2.20135135135135,1.97183276847021,1.09610578278434e-25
2.21621621621622,2.03134707103916,1.07326335754149e-25
2.23108108108108,2.08708532986387,1.05385116210057e-25
2.24594594594595,2.13946927834552,1.03728676011878e-25
2.26081081081081,2.18885386523,1.02311761144813e-25
2.27567567567568,2.23554108015577,1.01098627028892e-25
2.29054054054054,2.27979028412012,1.00060632058816e-25
2.30540540540541,2.32182607405863,9.91745344809907e-26
2.32027027027027,2.36184436913973,9.8421262150988e-26
2.33513513513514,2.40001718964134,9.77850076198592e-26
2.35,2.43649645797742,9.72525516586963e-26
2.36486486486486,2.4714170570772,9.68127501477576e-26
2.37972972972973,2.50489931692825,9.64561397332852e-26
2.39459459459459,2.53705105529821,9.61746311262975e-26
2.40945945945946,2.56796926693631,9.59612679576192e-26
2.42432432432432,2.59774153274414,9.58100352801279e-26
2.43918918918919,2.62644720375856,9.57157060995156e-26
2.45405405405405,2.65415840247821,9.56737173401465e-26
2.46891891891892,2.6809408748498,9.5680068815592e-26
2.48378378378378,2.7068547192534,9.57312403398265e-26
2.49864864864865,2.73195501348873,9.58241232629273e-26
2.51351351351351,2.75629235664272,9.59559635655633e-26
2.52837837837838,2.77991333950555,9.61243142831338e-26
2.54324324324324,2.80286095467799,9.63269955114763e-26
2.55810810810811,2.82517495551312,9.65620606128546e-26
2.57297297297297,2.84689217144,9.68277675229699e-26
2.58783783783784,2.86804678593509,9.71225542782983e-26
2.6027027027027,2.88867058237122,9.7445018053692e-26
2.61756756756757,2.90879316213044,9.77938971343403e-26
2.63243243243243,2.92844213867779,9.81680553523535e-26
2.6472972972973,2.94764331072545,9.85664686027838e-26
2.66216216216216,2.96642081714792,9.89882131216267e-26
2.67702702702703,2.98479727591889,9.94324552629113e-26
2.69189189189189,3.00279390901558,9.98984425561763e-26
2.70675675675676,3.02043065496338,1.003854958616e-25
2.72162162162162,3.0377262704644,1.00893002469477e-25
2.73648648648649,3.0546984223595,1.01420410014913e-25
2.75135135135135,3.07136377100872,1.01967221098558e-25
2.76621621621622,3.08773804603541,1.02532988520748e-25
2.78108108108108,3.10383611525926,1.0311731105018e-25
2.79594594594595,3.11967204754121,1.03719829659753e-25
2.81081081081081,3.13525917017504,1.04340224171838e-25
2.82567567567568,3.15061012138446,1.04978210263359e-25
2.84054054054054,3.16573689841859,1.05633536787928e-25
2.8554054054054,3.18065090168217,1.06305983378049e-25
2.87027027027027,3.19536297528676,1.06995358295375e-25
2.88513513513514,3.20988344436655,1.07701496501186e-25
2.9,3.22422214946415,1.08424257922834e-25
2.91486486486486,3.23838847825912,1.09163525895032e-25
2.92972972972973,3.25239139488266,1.09919205757443e-25
2.94459459459459,3.26623946703658,1.10691223592378e-25
2.95945945945946,3.27994089111202,1.11479525088338e-25
2.97432432432432,3.29350351548362,1.12284074516856e-25
2.98918918918919,3.30693486213717,1.13104853811596e-25
3.00405405405405,3.32024214677321,1.1394186173994e-25
3.01891891891892,3.33343229751519,1.1479511315843e-25
3.03378378378378,3.34651197233849,1.15664638344414e-25
3.04864864864865,3.35948757532544,1.16550482397126e-25
3.06351351351351,3.372365271842,1.17452704702154e-25
3.07837837837838,3.38515100272256,1.18371378453977e-25
3.09324324324324,3.39785049754186,1.19306590231776e-25
3.10810810810811,3.41046928704558,1.20258439624294e-25
3.12297297297297,3.42301271480521,1.2122703889997e-25
3.13783783783784,3.43548594815674,1.2221251271897e-25
3.1527027027027,3.44789398847782,1.23214997884127e-25
3.16756756756757,3.46024168085337,1.242346431281e-25
3.18243243243243,3.47253372317524,1.25271608934386e-25
3.1972972972973,3.48477467471805,1.26326067390054e-25
3.21216216216216,3.49696896422966,1.2739820206832e-25
3.22702702702703,3.50912089757169,1.28488207939285e-25
3.24189189189189,3.52123466494277,1.2959629130736e-25
3.25675675675676,3.53331434771456,1.30722669774064e-25
3.27162162162162,3.54536392490817,1.31867572225048e-25
3.28648648648649,3.55738727933682,1.33031238840335e-25
3.30135135135135,3.56938820343813,1.3421392112689e-25
3.31621621621622,3.58137040481824,1.35415881972789e-25
3.33108108108108,3.59333751152791,1.36637395722309e-25
3.34594594594595,3.60529307708954,1.37878748271425e-25
3.36081081081081,3.61724058529253,1.39140237183247e-25
3.37567567567568,3.62918345477351,1.40422171823046e-25
3.39054054054054,3.64112504339627,1.41724873512599e-25
3.40540540540541,3.65306865244585,1.43048675703642e-25
3.42027027027027,3.66501753064988,1.44393924170325e-25
3.43513513513514,3.67697487803945,1.457609772206e-25
3.45,3.68894384966128,1.47150205926575e-25
3.46486486486486,3.70092755915178,1.48561994373903e-25
3.47972972972973,3.7129290821834,1.49996739930356e-25
3.49459459459459,3.72495145979279,1.51454853533788e-25
3.50945945945946,3.73699770159963,1.52936759999754e-25
3.52432432432432,3.74907078892496,1.54442898349116e-25
3.53918918918919,3.7611736778167,1.55973722156006e-25
3.55405405405405,3.7733093019903,1.57529699916617e-25
3.56891891891892,3.78548057569151,1.59111315439289e-25
3.58378378378378,3.79769039648827,1.60719068256498e-25
3.59864864864865,3.80994164799829,1.62353474059321e-25
3.61351351351351,3.82223720255843,1.64015065155107e-25
3.62837837837838,3.83457992384208,1.65704390949076e-25
3.64324324324324,3.84697266943009,1.6742201845066e-25
3.65810810810811,3.85941829334095,1.6916853280548e-25
3.67297297297297,3.87191964852537,1.70944537853887e-25
3.68783783783784,3.88447958933066,1.72750656717105e-25
3.7027027027027,3.89710097393962,1.74587532412055e-25
3.71756756756757,3.90978666678915,1.76455828496037e-25
3.73243243243243,3.92253954097302,1.78356229742529e-25
3.7472972972973,3.93536248063369,1.80289442849422e-25
3.76216216216216,3.94825838334761,1.82256197181142e-25
3.77702702702703,3.96123016250859,1.84257245546155e-25
3.79189189189189,3.97428074971368,1.86293365011499e-25
3.80675675675676,3.98741309715595,1.88365357756044e-25
3.82162162162162,4.00063018002863,1.90474051964329e-25
3.83648648648649,4.01393499894491,1.92620302762935e-25
3.85135135135135,4.02733058237795,1.94804993201443e-25
3.86621621621622,4.04081998912539,1.97029035280223e-25
3.88108108108108,4.05440631080289,1.99293371027363e-25
3.89594594594595,4.06809267437123,2.01598973627269e-25
3.91081081081081,4.0818822447015,2.03946848603566e-25
3.92567567567568,4.09577822718306,2.06338035059145e-25
3.94054054054054,4.10978387037915,2.08773606976337e-25
3.95540540540541,4.12390246873474,2.11254674580434e-25
3.97027027027027,4.138137365342,2.1378238576994e-25
3.98513513513514,4.15249195476813,2.16357927617181e-25
4,4.16696968595121,2.18982527943126e-25
4.01486486486486,4.18157406516932,2.21657456970519e-25
4.02972972972973,4.19630865908866,2.24384029059709e-25
4.04459459459459,4.2111770978967,2.27163604531814e-25
4.05945945945946,4.22618307852621,2.29997591584217e-25
4.07432432432432,4.24133036797692,2.32887448303662e-25
4.08918918918919,4.25662280674112,2.35834684782633e-25
4.10405405405405,4.27206431234044,2.38840865345026e-25
4.11891891891892,4.28765888298097,2.41907610887572e-25
4.13378378378378,4.30341060133445,2.45036601343892e-25
4.14864864864865,4.31932363845353,2.48229578278546e-25
4.16351351351351,4.33540225782955,2.51488347618929e-25
4.17837837837838,4.35165081960182,2.54814782533453e-25
4.19324324324324,4.36807378492771,2.58210826465019e-25
4.20810810810811,4.38467572052354,2.61678496329413e-25
4.22297297297297,4.40146130338662,2.65219885888997e-25
4.23783783783784,4.41843532570968,2.68837169312746e-25
4.2527027027027,4.43560269999931,2.72532604934561e-25
4.26756756756757,4.45296846441089,2.76308539222578e-25
4.28243243243243,4.47053778831315,2.80167410973221e-25
4.2972972972973,4.48831597809643,2.84111755744698e-25
4.31216216216216,4.50630848323948,2.88144210545783e-25
4.32702702702703,4.52452090265067,2.92267518796934e-25
4.34189189189189,4.54295899130035,2.96484535582062e-25
4.35675675675676,4.5616286671625,3.00798233210724e-25
4.37162162162162,4.58053601848462,3.0521170711203e-25
4.38648648648649,4.59968731140646,3.09728182083229e-25
4.40135135135135,4.61908899794918,3.14351018917754e-25
4.41621621621622,4.63874772439857,3.19083721439527e-25
4.43108108108108,4.6586703401069,3.23929943972419e-25
4.44594594594595,4.67886390674041,3.28893499276211e-25
4.46081081081081,4.69933570800085,3.33978366982883e-25
4.47567567567568,4.72009325985169,3.39188702569966e-25
4.49054054054054,4.74114432128208,3.44528846910702e-25
4.5054054054054,4.76249690564365,3.50003336444175e-25
4.52027027027027,4.78415929259817,3.55616914012259e-25
4.53513513513513,4.80614004071693,3.61374540414263e-25
4.55,4.82844800077555,3.6728140673465e-25
4.56486486486487,4.85109232979175,3.7334294750404e-25
4.57972972972973,4.87408250585684,3.79564854759126e-25
4.59459459459459,4.89742834381596,3.85953093073037e-25
4.60945945945946,4.92114001185648,3.9251391563418e-25
4.62432432432432,4.94522804906866,3.99253881458839e-25
4.63918918918919,4.96970338404791,4.06179873830684e-25
4.65405405405405,4.99457735461375,4.13299120069183e-25
4.66891891891892,5.01986172872684,4.20619212738569e-25
4.68378378378378,5.04556872669218,4.2814813241981e-25
4.69864864864865,5.07171104474431,4.35894272179927e-25
4.71351351351351,5.09830188011841,4.43866463886277e-25
4.72837837837838,5.12535495772037,4.5207400652809e-25
4.74324324324324,5.15288455851893,4.60526696723988e-25
4.75810810810811,5.18090554979389,4.69234861612377e-25
4.77297297297297,5.20943341738659,4.78209394342029e-25
4.78783783783784,5.23848430011232,4.87461792402862e-25
4.8027027027027,5.26807502650899,4.97004199062325e-25
4.81756756756757,5.29822315411294,5.06849448201319e-25
4.83243243243243,5.32894701147075,5.17011112875451e-25
4.8472972972973,5.36026574311629,5.27503557963271e-25
4.86216216216216,5.39219935776439,5.383419973035e-25
4.87702702702703,5.42476877999755,5.49542555768567e-25
4.89189189189189,5.45799590574982,5.61122336773054e-25
4.90675675675676,5.49190366192283,5.73099495773452e-25
4.92162162162162,5.52651607050352,5.85493320381061e-25
4.93648648648649,5.56185831759174,5.98324317784081e-25
4.95135135135135,5.59795682778913,6.11614310259078e-25
4.96621621621622,5.63483934444933,6.25386539647765e-25
4.98108108108108,5.6725350163438,6.39665781784136e-25
4.99594594594595,5.71107449135932,6.54478471981358e-25
5.01081081081081,5.75049001791208,6.69852842830216e-25
5.02567567567568,5.79081555484157,6.85819075723845e-25
5.04054054054054,5.83208689063578,7.0240946771058e-25
5.0554054054054,5.8743417729395,7.19658615491982e-25
5.07027027027027,5.91762004941104,7.37603618631021e-25
5.08513513513513,5.96196382112225,7.56284304321909e-25
5.1,6.00741760984421,7.75743476404622e-25
5.11486486486486,6.05402854072917,7.96027191691864e-25
5.12972972972973,6.1018465420924,8.17185067123681e-25
5.14459459459459,6.15092456421878,8.39270621786527e-25
5.15945945945946,6.20131881937296,8.62341658443228e-25
5.17432432432432,6.25308904548548,8.8646068993478e-25
5.18918918918919,6.30629879632538,9.11695416654245e-25
5.20405405405405,6.36101576136204,9.38119262282206e-25
5.21891891891892,6.4173121189743,9.65811976141942e-25
5.23378378378378,6.47526492719482,9.94860311917789e-25
5.24864864864865,6.53495655679609,1.02535879412712e-24
5.26351351351351,6.5964751722495,1.05741058570075e-24
5.27837837837838,6.6599152669385,1.09112847237728e-24
5.29324324324324,6.72537826000985,1.12663598244014e-24
5.30810810810811,6.79297316343012,1.16406866372822e-24
5.32297297297297,6.862817329219,1.20357554396716e-24
5.33783783783784,6.93503728850117,1.24532080546703e-24
5.3527027027027,7.00976969601321,1.28948571132773e-24
5.36756756756757,7.08716239609324,1.33627082775843e-24
5.38243243243243,7.16737562905861,1.38589859629911e-24
5.3972972972973,7.25058340035442,1.43861632107923e-24
5.41216216216216,7.33697503907639,1.49469965033813e-24
5.42702702702703,7.42675697761756,1.55445664901689e-24
5.44189189189189,7.52015479049171,1.61823258129463e-24
5.45675675675676,7.61741553814762,1.68641554978103e-24
5.47162162162162,7.71881047119217,1.75944317340644e-24
5.48648648648649,7.82463816239294,1.83781053116663e-24
5.50135135135135,7.93522814879022,1.92207965686518e-24
5.51621621621622,8.0509451850878,2.01289094503584e-24
5.53108108108108,8.1721942333703,2.11097692604161e-24
5.54594594594595,8.29942634466788,2.21717899682563e-24
5.56081081081081,8.43314562706088,2.3324678639203e-24
5.57567567567568,8.57391754575903,2.4579686825544e-24
5.59054054054054,8.72237886685853,2.59499218199195e-24
5.60540540540541,8.87924964378587,2.74507348414564e-24
5.62027027027027,9.04534776153066,2.91002089592445e-24
5.63513513513514,9.22160670969035,3.09197775330277e-24
5.65,9.40909746701094,3.2935015176888e-24
5.66486486486486,9.60905567075645,3.51766592580756e-24
5.67972972972973,9.82291564834044,3.76819430853314e-24
5.69459459459459,10.0523534580777,4.04963559077371e-24
5.70945945945946,10.2993419000916,4.3675995521317e-24
5.72432432432432,10.5662216411872,4.72907562462424e-24
5.73918918918919,10.8557943458873,5.14287142344862e-24
5.75405405405405,11.1714463401899,5.62022606728618e-24
5.76891891891892,11.5173153885837,6.17568390372232e-24
5.78378378378378,11.898519551491,6.82836509136501e-24
5.79864864864865,12.3214774189093,7.60385658633275e-24
5.81351351351351,12.7943662194589,8.53710133426793e-24
5.82837837837838,13.3277939325894,9.67694714851324e-24
5.84324324324324,13.9358145499391,1.10935614607357e-23
5.85810810810811,14.6375147983695,1.28910176531006e-23
5.87297297297297,15.4595959926677,1.52297122153759e-23
5.88783783783784,16.4407840144676,1.83686745748065e-23
5.9027027027027,17.6398246506158,2.27513334596252e-23
5.91756756756757,19.1511113169361,2.9195818460934e-23
5.93243243243243,21.1383815374724,3.93703591422678e-23
5.9472972972973,23.9178271723897,5.71920445387779e-23
5.96216216216216,28.2079655733219,9.40811925936225e-23
5.97702702702703,36.1761662119773,1.99009124921435e-22
5.99189189189189,60.8509087647169,9.49784756523475e-22
6.00675675675676,1.24940130397023e-21,66.6120595303239
6.02162162162162,2.18414302842381e-22,37.2111014073782
6.03648648648649,9.97054024901456e-23,28.624952466072
6.05135135135135,5.97573646782505e-23,24.1117365912864
6.06621621621622,4.08389357884142e-23,21.2185341900531
6.08108108108108,3.01607808293208e-23,19.1615406962031
6.09594594594595,2.34467186874316e-23,17.6022836787602
6.11081081081081,1.89037594044478e-23,16.3675212934752
6.12567567567568,1.56618525095413e-23,15.3581722164955
6.14054054054054,1.32530357707213e-23,14.5129274747753
6.15540540540541,1.14055355700615e-23,13.7915470861433
6.17027027027027,9.9518296573001e-24,13.1663796991415
6.18513513513513,8.78361831876185e-24,12.6177128305151
6.2,7.82810316969448e-24,12.1310635277119
6.21486486486487,7.03473094164571e-24,11.6955197424689
6.22972972972973,6.36741449416736e-24,11.3026824774263
6.24459459459459,5.79977617141059e-24,10.9459673783972
6.25945945945946,5.31213514468665e-24,10.6201298051752
6.27432432432432,4.88954040904641e-24,10.3209335030564
6.28918918918919,4.52045192457132e-24,10.0449142275078
6.30405405405405,4.19583538148492e-24,9.78920775049756
6.31891891891892,3.90852780768988e-24,9.55142249951531
6.33378378378378,3.65278463556752e-24,9.32954375603466
6.34864864864865,3.4239508653965e-24,9.12186056848784
6.36351351351351,3.21821868187409e-24,8.92690927715855
6.37837837837838,3.03244631798929e-24,8.74342936529059
6.39324324324324,2.8640209772735e-24,8.57032857790025
6.40810810810811,2.71075389537994e-24,8.40665509333267
6.42297297297297,2.57079914901249e-24,8.25157512180922
6.43783783783784,2.44259022005255e-24,8.10435472285725
6.4527027027027,2.32478998053328e-24,7.9643449335806
6.46756756756757,2.21625092546911e-24,7.83096951802983
6.48243243243243,2.11598330475483e-24,7.70371480859726
6.4972972972973,2.02312939737128e-24,7.58212122988638
6.51216216216216,1.93694260118517e-24,7.46577618532102
6.52702702702703,1.85677032731431e-24,7.35430805488402
6.54189189189189,1.78203992204804e-24,7.24738110450347
6.55675675675676,1.7122470143957e-24,7.1446911478203
6.57162162162162,1.64694581946522e-24,7.04596183233872
6.58648648648649,1.58574102840304e-24,6.95094144644841
6.60135135135135,1.52828099270353e-24,6.85940016311676
6.61621621621622,1.47425197022297e-24,6.77112765137632
6.63108108108108,1.42337324652329e-24,6.68593099897091
6.64594594594595,1.37539298140299e-24,6.60363289935581
6.66081081081081,1.33008465900826e-24,6.52407006418766
6.67567567567568,1.28724404252415e-24,6.44709182888742
6.69054054054054,1.24668655245572e-24,6.37255892412126
6.70540540540541,1.20824500193393e-24,6.30034239035806
6.72027027027027,1.17176763409362e-24,6.23032261621579
6.73513513513513,1.13711641596427e-24,6.16238848424852
6.75,1.104165550949e-24,6.0964366102675
6.76486486486487,1.07280017819907e-24,6.03237066432667
6.77972972972973,1.0429152323006e-24,5.97010076320756
6.79459459459459,1.01441444089584e-24,5.90954292567152
6.80945945945946,9.87209441337138e-25,5.85061858295497
6.82432432432432,9.61219000354587e-25,5.79325413800532
6.83918918918919,9.36368323118894e-25,5.73738056782314
6.85405405405405,9.12588440086063e-25,5.68293306401401
6.86891891891892,8.89815661691401e-25,5.629850707285
6.88378378378378,8.67991092373865e-25,5.57807617216031
6.89864864864865,8.47060196604076e-25,5.52755545865492
6.91351351351351,8.26972410598284e-25,5.47823764804453
6.92837837837838,8.0768079425651e-25,5.43007468021491
6.94324324324324,7.89141718591642e-25,5.38302115037242
6.95810810810811,7.71314584537748e-25,5.33703412315667
6.97297297297297,7.54161569557567e-25,5.29207296242114
6.98783783783784,7.37647398925161e-25,5.2480991751444
7.0027027027027,7.21739138951755e-25,5.20507626810589
7.01756756756757,7.06406009760622e-25,5.16296961611031
7.03243243243243,6.91619215508702e-25,5.12174634067653
7.0472972972973,6.77351790205305e-25,5.08137519822276
7.06216216216216,6.63578457497351e-25,5.04182647688136
7.07702702702703,6.50275502981222e-25,5.0030719011671
7.09189189189189,6.37420657767207e-25,4.96508454380174
7.10675675675676,6.24992992167486e-25,4.92783874406853
7.12162162162162,6.12972818505282e-25,4.89131003213254
7.13648648648649,6.01341602153828e-25,4.85547505881834
7.15135135135135,5.90081880011266e-25,4.82031153038563
7.16621621621622,5.79177185703307e-25,4.78579814788794
7.18108108108108,5.68611980880947e-25,4.75191455073829
7.19594594594595,5.58371592047149e-25,4.71864126414127
7.21081081081081,5.48442152405272e-25,4.68595965008208
7.22567567567568,5.38810548274121e-25,4.65385186159159
7.24054054054054,5.29464369660702e-25,4.62230080003159
7.2554054054054,5.20391864622762e-25,4.59129007516733
7.27027027027027,5.11581897089683e-25,4.56080396781473
7.28513513513513,5.03023907842768e-25,4.53082739486843
7.3,4.94707878384906e-25,4.50134587653313
7.31486486486487,4.8662429745549e-25,4.47234550559625
7.32972972972973,4.7876412996955e-25,4.44381291859293
7.34459459459459,4.71118788180799e-25,4.41573526872747
7.35945945945946,4.63680104886815e-25,4.38810020042582
7.37432432432432,4.56440308511268e-25,4.36089582540441
7.38918918918919,4.49391999913045e-25,4.33411070014959
7.40405405405405,4.4252813078562e-25,4.30773380471039
7.41891891891892,4.35841983522118e-25,4.28175452271513
7.43378378378378,4.29327152432484e-25,4.25616262252906
7.44864864864865,4.2297752620905e-25,4.23094823947697
7.46351351351351,4.16787271545684e-25,4.20610185906023
7.47837837837838,4.10750817823835e-25,4.18161430110326
7.49324324324324,4.04862842786046e-25,4.157476704769
7.50810810810811,3.99118259124196e-25,4.13368051438787
7.52297297297297,3.93512201915703e-25,4.11021746604828
7.53783783783784,3.88040016846407e-25,4.08707957490099
7.5527027027027,3.82697249163842e-25,4.06425912313262
7.56756756756757,3.77479633309093e-25,4.04174864856714
7.58243243243243,3.72383083179596e-25,4.01954093385694
7.5972972972973,3.67403682978961e-25,3.99762899622769
7.61216216216216,3.62537678613361e-25,3.97600607774376
7.62702702702703,3.57781469597146e-25,3.95466563606335
7.64189189189189,3.53131601433211e-25,3.93360133565431
7.65675675675676,3.48584758436262e-25,3.91280703944391
7.67162162162162,3.44137756969537e-25,3.89227680087728
7.68648648648649,3.39787539067731e-25,3.87200485636127
7.70135135135135,3.35531166420893e-25,3.85198561807162
7.71621621621622,3.31365814695915e-25,3.83221366710305
7.73108108108108,3.2728876817393e-25,3.8126837469432
7.74594594594595,3.23297414683524e-25,3.79339075725224
7.76081081081081,3.19389240811065e-25,3.77432974793165
7.77567567567568,3.15561827370819e-25,3.75549591346611
7.79054054054054,3.11812845118713e-25,3.73688458752406
7.8054054054054,3.08140050694753e-25,3.71849123780281
7.82027027027027,3.04541282780123e-25,3.70031146110533
7.83513513513513,3.01014458455971e-25,3.68234097863652
7.85,2.97557569751753e-25,3.66457563150746
7.86486486486486,2.94168680371844e-25,3.6470113764368
7.87972972972973,2.90845922589868e-25,3.62964428163922
7.89459459459459,2.87587494300905e-25,3.61247052289145
7.90945945945946,2.84391656222388e-25,3.59548637976668
7.92432432432432,2.812567292351e-25,3.5786882320291
7.93918918918919,2.78181091856229e-25,3.56207255618051
7.95405405405405,2.75163177836986e-25,3.54563592215136
7.96891891891892,2.72201473877734e-25,3.52937499012934
7.98378378378378,2.69294517454058e-25,3.51328650751864
7.99864864864865,2.66440894747591e-25,3.49736730602365
8.01351351351351,2.63639238675826e-25,3.48161429885108
8.02837837837838,2.6088822701548e-25,3.4660244780249
8.04324324324324,2.58186580614317e-25,3.45059491180868
8.05810810810811,2.55533061686659e-25,3.43532274223041
8.07297297297297,2.52926472188099e-25,3.42020518270487
8.08783783783784,2.50365652265184e-25,3.40523951574917
8.1027027027027,2.47849478776115e-25,3.39042309078709
8.11756756756757,2.45376863878745e-25,3.37575332203821
8.13243243243243,2.42946753682336e-25,3.36122768648793
8.1472972972973,2.40558126959807e-25,3.34684372193484
8.16216216216216,2.38209993917345e-25,3.33259902511185
8.17702702702703,2.35901395018449e-25,3.3184912498779
8.19189189189189,2.3363139985965e-25,3.30451810547717
8.20675675675676,2.31399106095309e-25,3.29067735486263
8.22162162162162,2.29203638409025e-25,3.27696681308147
8.23648648648649,2.27044147529342e-25,3.26338434571932
8.25135135135135,2.2491980928757e-25,3.24992786740114
8.26621621621622,2.22829823715646e-25,3.23659534034609
8.28108108108108,2.20773414182098e-25,3.2233847729742
8.29594594594595,2.18749826564242e-25,3.2102942185626
8.31081081081081,2.16758328454901e-25,3.19732177394937
8.32567567567568,2.14798208401963e-25,3.18446557828283
8.34054054054054,2.12868775179241e-25,3.1717238118146
8.3554054054054,2.1096935708715e-25,3.15909469473446
8.37027027027027,2.09099301281802e-25,3.1465764860454
8.38513513513514,2.07257973131187e-25,3.13416748247727
8.4,2.05444755597207e-25,3.12186601743733
8.41486486486487,2.0365904864234e-25,3.10967045999639
8.42972972972973,2.01900268659841e-25,3.09757921390897
8.44459459459459,2.00167847926387e-25,3.08559071666629
8.45945945945946,1.98461234076154e-25,3.07370343858067
8.47432432432432,1.96779889595372e-25,3.06191588190017
8.48918918918919,1.95123291336442e-25,3.05022657995234
8.50405405405405,1.93490930050727e-25,3.0386340963158
8.51891891891892,1.9188230993923e-25,3.02713702401885
8.53378378378378,1.90296948220331e-25,3.01573398476373
8.54864864864865,1.88734374713877e-25,3.00442362817592
8.56351351351351,1.87194131440888e-25,2.99320463107725
8.57837837837838,1.85675772238218e-25,2.9820756967821
8.59324324324324,1.84178862387536e-25,2.97103555441572
8.60810810810811,1.82702978257997e-25,2.96008295825397
8.62297297297297,1.81247706962042e-25,2.94921668708354
8.63783783783784,1.79812646023766e-25,2.93843554358206
8.6527027027027,1.78397403059323e-25,2.92773835371724
8.66756756756757,1.77001595468871e-25,2.91712396616443
8.68243243243243,1.75624850139582e-25,2.90659125174193
8.6972972972973,1.74266803159256e-25,2.89613910286337
8.71216216216216,1.72927099540098e-25,2.88576643300659
8.72702702702703,1.71605392952264e-25,2.87547217619847
8.74189189189189,1.70301345466754e-25,2.86525528651499
8.75675675675676,1.69014627307293e-25,2.85511473759626
8.77162162162162,1.67744916610838e-25,2.84504952217571
8.78648648648649,1.66491899196357e-25,2.83505865162311
8.80135135135135,1.65255268341558e-25,2.82514115550099
8.81621621621622,1.64034724567259e-25,2.81529608113377
8.83108108108108,1.62829975429086e-25,2.80552249318949
8.84594594594595,1.6164073531623e-25,2.79581947327338
8.86081081081081,1.60466725256966e-25,2.78618611953317
8.87567567567567,1.59307672730702e-25,2.7766215462755
8.89054054054054,1.58163311486274e-25,2.76712488359323
8.90540540540541,1.57033381366273e-25,2.75769527700319
8.92027027027027,1.5591762813717e-25,2.74833188709406
8.93513513513513,1.54815803325001e-25,2.7390338891841
8.95,1.53727664056432e-25,2.72980047298822
8.96486486486486,1.52652972904977e-25,2.72063084229439
8.97972972972973,1.51591497742186e-25,2.71152421464879
8.99459459459459,1.50543011593628e-25,2.70247982104957
9.00945945945946,1.49507292499472e-25,2.69349690564892
9.02432432432432,1.48484123379513e-25,2.68457472546325
9.03918918918919,1.47473291902479e-25,2.67571255009101
9.05405405405405,1.46474590359449e-25,2.66690966143821
9.06891891891892,1.45487815541251e-25,2.65816535345108
9.08378378378378,1.44512768619687e-25,2.649478931856
9.09864864864865,1.43549255032452e-25,2.64084971390606
9.11351351351351,1.42597084371606e-25,2.63227702813444
9.12837837837838,1.41656070275485e-25,2.62376021411415
9.14324324324324,1.4072603032392e-25,2.61529862222401
9.15810810810811,1.39806785936659e-25,2.60689161342066
9.17297297297297,1.38898162274856e-25,2.59853855901649
9.18783783783784,1.37999988145556e-25,2.59023884046321
9.2027027027027,1.37112095909037e-25,2.58199184914096
9.21756756756757,1.36234321388929e-25,2.57379698615271
9.23243243243243,1.35366503785016e-25,2.56565366212394
9.2472972972973,1.34508485588614e-25,2.5575612970073
9.26216216216216,1.33660112500462e-25,2.54951931989215
9.27702702702703,1.32821233351007e-25,2.54152716881885
9.29189189189189,1.31991700023036e-25,2.53358429059768
9.30675675675676,1.31171367376554e-25,2.52569014063221
9.32162162162162,1.30360093175843e-25,2.51784418274697
9.33648648648649,1.29557738018625e-25,2.51004588901939
9.35135135135135,1.28764165267256e-25,2.50229473961581
9.36621621621622,1.27979240981898e-25,2.49459022263147
9.38108108108108,1.27202833855586e-25,2.48693183393432
9.39594594594594,1.26434815151139e-25,2.47931907701267
9.41081081081081,1.25675058639853e-25,2.47175146282636
9.42567567567568,1.24923440541914e-25,2.46422850966162
9.44054054054054,1.24179839468484e-25,2.4567497429892
9.45540540540541,1.234441363654e-25,2.44931469532605
9.47027027027027,1.22716214458424e-25,2.44192290610004
9.48513513513513,1.21995959200028e-25,2.43457392151801
9.5,1.21283258217617e-25,2.42726729443682
9.51486486486487,1.20578001263194e-25,2.4200025842374
9.52972972972973,1.1988008016438e-25,2.4127793567017
9.54459459459459,1.19189388776778e-25,2.40559718389251
9.55945945945946,1.18505822937612e-25,2.39845564403601
9.57432432432432,1.17829280420633e-25,2.39135432140696
9.58918918918919,1.17159660892213e-25,2.38429280621657
9.60405405405406,1.16496865868634e-25,2.37727069450288
9.61891891891892,1.15840798674493e-25,2.37028758802357
9.63378378378378,1.15191364402225e-25,2.36334309415123
9.64864864864865,1.14548469872688e-25,2.35643682577092
9.66351351351351,1.1391202359678e-25,2.34956840118009
9.67837837837838,1.13281935738068e-25,2.34273744399062
9.69324324324324,1.12658118076386e-25,2.33594358303306
9.70810810810811,1.1204048397238e-25,2.32918645226303
9.72297297297297,1.11428948332973e-25,2.32246569066958
9.73783783783784,1.10823427577711e-25,2.3157809421856
9.7527027027027,1.10223839605985e-25,2.30913185560017
9.76756756756757,1.09630103765075e-25,2.30251808447282
9.78243243243243,1.09042140819026e-25,2.29593928704957
9.7972972972973,1.08459872918294e-25,2.28939512618087
9.81216216216216,1.07883223570174e-25,2.28288526924124
9.82702702702703,1.07312117609963e-25,2.27640938805058
9.84189189189189,1.06746481172848e-25,2.26996715879725
9.85675675675676,1.06186241666498e-25,2.26355826196271
9.87162162162162,1.05631327744336e-25,2.25718238224774
9.88648648648649,1.05081669279469e-25,2.25083920850024
9.90135135135135,1.04537197339269e-25,2.24452843364449
9.91621621621622,1.03997844160576e-25,2.23824975461196
9.93108108108108,1.03463543125502e-25,2.2320028722735
9.94594594594595,1.02934228737836e-25,2.22578749137288
9.96081081081081,1.02409836600014e-25,2.21960332046184
9.97567567567568,1.01890303390651e-25,2.21345007183633
9.99054054054054,1.01375566842616e-25,2.20732746147411
10.0054054054054,1.00865565721628e-25,2.20123520897363
10.0202702702703,1.00360239805371e-25,2.19517303749413
10.0351351351351,9.98595298631022e-26,2.18914067369698
10.05,9.93633776357524e-26,2.1831378476881
10.0648648648649,9.8871725816488e-26,2.17716429296169
10.0797297297297,9.83845180317383e-26,2.17121974634494
10.0945945945946,9.79016988226668e-26,2.16530394794395
10.1094594594595,9.74232136270768e-26,2.15941664109061
10.1243243243243,9.69490087617393e-26,2.15355757229064
10.1391891891892,9.64790314051321e-26,2.1477264911726
10.1540540540541,9.6013229580578e-26,2.14192315043786
10.1689189189189,9.55515521397744e-26,2.13614730581163
10.1837837837838,9.50939487466989e-26,2.1303987159949
10.1986486486486,9.46403698618873e-26,2.12467714261726
10.2135135135135,9.41907667270677e-26,2.11898235019078
10.2283783783784,9.37450913501466e-26,2.11331410606458
10.2432432432432,9.33032964905347e-26,2.10767218038045
10.2581081081081,9.28653356448043e-26,2.10205634602921
10.272972972973,9.24311630326704e-26,2.09646637860794
10.2878378378378,9.20007335832858e-26,2.09090205637801
10.3027027027027,9.15740029218441e-26,2.08536316022392
10.3175675675676,9.11509273564795e-26,2.07984947361289
10.3324324324324,9.07314638654596e-26,2.07436078255525
10.3472972972973,9.03155700846601e-26,2.06889687556552
10.3621621621622,8.99032042953175e-26,2.06345754362425
10.377027027027,8.949432541205e-26,2.05804258014059
10.3918918918919,8.90888929711412e-26,2.05265178091545
10.4067567567568,8.86868671190803e-26,2.04728494410551
10.4216216216216,8.82882086013507e-26,2.04194187018772
10.4364864864865,8.78928787514633e-26,2.03662236192457
10.4513513513514,8.75008394802258e-26,2.03132622432994
10.4662162162162,8.71120532652435e-26,2.02605326463558
10.4810810810811,8.67264831406461e-26,2.02080329225821
10.4959459459459,8.63440926870341e-26,2.01557611876721
10.5108108108108,8.59648460216398e-26,2.01037155785288
10.5256756756757,8.55887077886976e-26,2.00518942529529
10.5405405405405,8.52156431500184e-26,2.00002953893366
10.5554054054054,8.48456177757634e-26,1.99489171863636
10.5702702702703,8.44785978354119e-26,1.98977578627131
10.5851351351351,8.41145499889191e-26,1.98468156567704
10.6,8.37534413780584e-26,1.97960888263418
10.6148648648649,8.33952396179449e-26,1.97455756483751
10.6297297297297,8.30399127887349e-26,1.96952744186842
10.6445945945946,8.26874294274972e-26,1.96451834516793
10.6594594594595,8.23377585202526e-26,1.95953010801016
10.6743243243243,8.19908694941776e-26,1.95456256547622
10.6891891891892,8.16467322099674e-26,1.9496155544286
10.7040540540541,8.13053169543559e-26,1.94468891348602
10.7189189189189,8.09665944327882e-26,1.93978248299862
10.7337837837838,8.06305357622412e-26,1.93489610502366
10.7486486486486,8.02971124641914e-26,1.93002962330165
10.7635135135135,7.99662964577235e-26,1.92518288323279
10.7783783783784,7.9638060052778e-26,1.9203557318539
10.7932432432432,7.93123759435351e-26,1.9155480178157
10.8081081081081,7.89892172019303e-26,1.91075959136051
10.822972972973,7.86685572712999e-26,1.90599030430026
10.8378378378378,7.83503699601529e-26,1.90124000999493
10.8527027027027,7.80346294360663e-26,1.89650856333133
10.8675675675676,7.7721310219701e-26,1.89179582070224
10.8824324324324,7.74103871789364e-26,1.88710163998585
10.8972972972973,7.71018355231193e-26,1.88242588052565
10.9121621621622,7.67956307974264e-26,1.87776840311053
10.927027027027,7.64917488773366e-26,1.87312906995526
10.9418918918919,7.61901659632107e-26,1.86850774468133
10.9567567567568,7.58908585749772e-26,1.86390429229803
10.9716216216216,7.55938035469198e-26,1.85931857918391
10.9864864864865,7.52989780225668e-26,1.85475047306847
11.0013513513514,7.50063594496784e-26,1.85019984301418
11.0162162162162,7.47159255753297e-26,1.84566655939885
11.0310810810811,7.44276544410884e-26,1.84115049389817
11.0459459459459,7.41415243782847e-26,1.8366515194686
11.0608108108108,7.38575140033706e-26,1.83216951033056
11.0756756756757,7.35756022133677e-26,1.82770434195178
11.0905405405405,7.32957681814006e-26,1.82325589103109
11.1054054054054,7.30179913523152e-26,1.81882403548225
11.1202702702703,7.27422514383793e-26,1.81440865441825
11.1351351351351,7.2468528415063e-26,1.81000962813568
11.15,7.21968025168991e-26,1.80562683809949
11.1648648648649,7.19270542334201e-26,1.80126016692786
11.1797297297297,7.1659264305171e-26,1.79690949837743
11.1945945945946,7.13934137197957e-26,1.79257471732867
11.2094594594595,7.11294837081958e-26,1.78825570977149
11.2243243243243,7.08674557407611e-26,1.78395236279113
11.2391891891892,7.06073115236678e-26,1.77966456455423
11.2540540540541,7.03490329952457e-26,1.77539220429505
11.2689189189189,7.00926023224122e-26,1.77113517230207
11.2837837837838,6.98380018971696e-26,1.76689335990458
11.2986486486486,6.9585214333168e-26,1.76266665945968
11.3135135135135,6.93342224623292e-26,1.75845496433933
11.3283783783784,6.90850093315323e-26,1.75425816891767
11.3432432432432,6.8837558199359e-26,1.75007616855851
11.3581081081081,6.85918525328968e-26,1.745908859603
11.372972972973,6.83478760046008e-26,1.74175613935753
11.3878378378378,6.810561248921e-26,1.73761790608175
11.4027027027027,6.78650460607202e-26,1.73349405897681
11.4175675675676,6.76261609894094e-26,1.72938449817375
11.4324324324324,6.7388941738917e-26,1.72528912472213
11.4472972972973,6.71533729633741e-26,1.72120784057869
11.4621621621622,6.69194395045845e-26,1.71714054859634
11.477027027027,6.66871263892554e-26,1.71308715251319
11.4918918918919,6.64564188262768e-26,1.70904755694183
11.5067567567568,6.62273022040485e-26,1.70502166735868
11.5216216216216,6.59997620878532e-26,1.70100939009358
11.5364864864865,6.57737842172765e-26,1.69701063231944
11.5513513513514,6.55493545036707e-26,1.69302530204218
11.5662162162162,6.53264590276629e-26,1.68905330809064
11.5810810810811,6.51050840367059e-26,1.68509456010679
11.5959459459459,6.48852159426721e-26,1.68114896853596
11.6108108108108,6.46668413194876e-26,1.67721644461733
11.6256756756757,6.44499469008079e-26,1.67329690037446
11.6405405405405,6.42345195777327e-26,1.66939024860597
11.6554054054054,6.40205463965597e-26,1.66549640287641
11.6702702702703,6.38080145565773e-26,1.66161527750721
11.6851351351351,6.35969114078936e-26,1.65774678756776
11.7,6.33872244493034e-26,1.65389084886663
11.7148648648649,6.31789413261904e-26,1.65004737794294
11.7297297297297,6.29720498284648e-26,1.64621629205776
11.7445945945946,6.27665378885359e-26,1.64239750918576
11.7594594594595,6.25623935793183e-26,1.63859094800686
11.7743243243243,6.23596051122719e-26,1.63479652789808
11.7891891891892,6.21581608354741e-26,1.63101416892544
11.8040540540541,6.19580492317242e-26,1.62724379183601
11.8189189189189,6.17592589166796e-26,1.6234853180501
11.8337837837838,6.15617786370223e-26,1.61973866965346
11.8486486486486,6.13655972686561e-26,1.61600376938968
11.8635135135135,6.11707038149334e-26,1.61228054065264
11.8783783783784,6.09770874049112e-26,1.60856890747913
11.8932432432432,6.0784737291635e-26,1.60486879454148
11.9081081081081,6.05936428504524e-26,1.60118012714032
11.922972972973,6.04037935773523e-26,1.59750283119754
11.9378378378378,6.02151790873324e-26,1.59383683324914
11.9527027027027,6.00277891127927e-26,1.5901820604384
11.9675675675676,5.98416135019557e-26,1.58653844050897
11.9824324324324,5.96566422173106e-26,1.58290590179815
11.9972972972973,5.94728653340845e-26,1.57928437323022
12.0121621621622,5.92902730387369e-26,1.57567378430987
12.027027027027,5.91088556274789e-26,1.57207406511573
12.0418918918919,5.89286035048159e-26,1.56848514629394
12.0567567567568,5.87495071821135e-26,1.56490695905186
12.0716216216216,5.8571557276187e-26,1.56133943515184
12.0864864864865,5.8394744507912e-26,1.55778250690507
12.1013513513514,5.82190597008586e-26,1.5542361071655
12.1162162162162,5.8044493779946e-26,1.55070016932387
12.1310810810811,5.78710377701188e-26,1.54717462730179
12.1459459459459,5.76986827950444e-26,1.54365941554592
12.1608108108108,5.75274200758305e-26,1.54015446902218
12.1756756756757,5.73572409297633e-26,1.53665972321011
12.1905405405405,5.71881367690643e-26,1.53317511409723
12.2054054054054,5.70200990996682e-26,1.52970057817352
12.2202702702703,5.68531195200185e-26,1.52623605242595
12.2351351351351,5.66871897198822e-26,1.52278147433306
12.25,5.65223014791832e-26,1.51933678185969
12.2648648648649,5.6358446666854e-26,1.51590191345165
12.2797297297297,5.61956172397039e-26,1.51247680803058
12.2945945945946,5.60338052413061e-26,1.50906140498881
12.3094594594595,5.58730028009014e-26,1.50565564418428
12.3243243243243,5.57132021323184e-26,1.50225946593557
12.3391891891892,5.55543955329109e-26,1.49887281101692
12.3540540540541,5.53965753825108e-26,1.49549562065342
12.3689189189189,5.52397341423981e-26,1.49212783651614
12.3837837837838,5.50838643542853e-26,1.48876940071741
12.3986486486486,5.49289586393181e-26,1.48542025580609
12.4135135135135,5.47750096970911e-26,1.48208034476301
12.4283783783784,5.46220103046786e-26,1.47874961099627
12.4432432432432,5.44699533156793e-26,1.47542799833685
12.4581081081081,5.43188316592766e-26,1.47211545103403
12.472972972973,5.41686383393117e-26,1.46881191375106
12.4878378378378,5.40193664333721e-26,1.46551733156076
12.5027027027027,5.38710090918926e-26,1.46223164994122
12.5175675675676,5.37235595372701e-26,1.45895481477154
12.5324324324324,5.35770110629922e-26,1.45568677232765
12.5472972972973,5.3431357032778e-26,1.45242746927814
12.5621621621622,5.32865908797322e-26,1.44917685268018
12.577027027027,5.31427061055115e-26,1.44593486997543
12.5918918918919,5.29996962795037e-26,1.44270146898607
12.6067567567568,5.28575550380188e-26,1.43947659791083
12.6216216216216,5.27162760834919e-26,1.4362602053211
12.6364864864865,5.2575853183698e-26,1.43305224015702
12.6513513513514,5.24362801709787e-26,1.42985265172373
12.6662162162162,5.22975509414796e-26,1.42666138968753
12.6810810810811,5.21596594543996e-26,1.42347840407222
12.6959459459459,5.20225997312507e-26,1.42030364525534
12.7108108108108,5.18863658551292e-26,1.41713706396461
12.7256756756757,5.17509519699967e-26,1.41397861127425
12.7405405405405,5.16163522799726e-26,1.41082823860151
12.7554054054054,5.14825610486359e-26,1.40768589770307
12.7702702702703,5.13495725983385e-26,1.40455154067163
12.7851351351351,5.12173813095268e-26,1.40142511993243
12.8,5.10859816200744e-26,1.39830658823988
12.8148648648649,5.09553680246245e-26,1.3951958986742
12.8297297297297,5.08255350739404e-26,1.39209300463808
12.8445945945946,5.06964773742675e-26,1.38899785985344
12.8594594594595,5.05681895867028e-26,1.38591041835815
12.8743243243243,5.04406664265739e-26,1.38283063450282
12.8891891891892,5.03139026628279e-26,1.37975846294768
12.9040540540541,5.01878931174274e-26,1.37669385865936
12.9189189189189,5.00626326647568e-26,1.37363677690788
12.9337837837838,4.99381162310359e-26,1.37058717326353
12.9486486486486,4.98143387937428e-26,1.36754500359382
12.9635135135135,4.96912953810444e-26,1.36451022406055
12.9783783783784,4.95689810712353e-26,1.36148279111679
12.9932432432432,4.94473909921848e-26,1.35846266150396
13.0081081081081,4.93265203207915e-26,1.35544979224894
13.022972972973,4.92063642824461e-26,1.35244414066119
13.0378378378378,4.90869181505013e-26,1.34944566432991
13.0527027027027,4.89681772457497e-26,1.34645432112124
13.0675675675676,4.88501369359091e-26,1.34347006917551
13.0824324324324,4.87327926351144e-26,1.34049286690442
13.0972972972973,4.86161398034179e-26,1.33752267298842
13.1121621621622,4.85001739462953e-26,1.33455944637392
13.127027027027,4.83848906141601e-26,1.33160314627073
13.1418918918919,4.82702854018837e-26,1.32865373214935
13.1567567567568,4.81563539483229e-26,1.32571116373841
13.1716216216216,4.80430919358541e-26,1.32277540102208
13.1864864864865,4.79304950899133e-26,1.31984640423753
13.2013513513514,4.7818559178544e-26,1.3169241338724
13.2162162162162,4.770728001195e-26,1.31400855066229
13.2310810810811,4.75966534420554e-26,1.31109961558835
13.2459459459459,4.74866753620706e-26,1.30819728987474
13.2608108108108,4.73773417060642e-26,1.3053015349863
13.2756756756757,4.72686484485413e-26,1.30241231262611
13.2905405405405,4.71605916040271e-26,1.29952958473314
13.3054054054054,4.70531672266572e-26,1.29665331347988
13.3202702702703,4.69463714097731e-26,1.29378346127004
13.3351351351351,4.68402002855231e-26,1.29091999073626
13.35,4.673465002447e-26,1.2880628647378
13.3648648648649,4.66297168352027e-26,1.28521204635834
13.3797297297297,4.65253969639547e-26,1.28236749890369
13.3945945945946,4.6421686694227e-26,1.27952918589962
13.4094594594595,4.63185823464168e-26,1.2766970710897
13.4243243243243,4.62160802774511e-26,1.27387111843305
13.4391891891892,4.6114176880426e-26,1.27105129210231
13.4540540540541,4.60128685842501e-26,1.26823755648142
13.4689189189189,4.59121518532942e-26,1.26542987616357
13.4837837837838,4.58120231870446e-26,1.26262821594912
13.4986486486486,4.57124791197622e-26,1.25983254084351
13.5135135135135,4.56135162201465e-26,1.25704281605527
13.5283783783784,4.5515131091003e-26,1.25425900699394
13.5432432432432,4.54173203689175e-26,1.2514810792681
13.5581081081081,4.53200807239328e-26,1.2487089986834
13.572972972973,4.52234088592313e-26,1.24594273124055
13.5878378378378,4.51273015108216e-26,1.24318224313344
13.6027027027027,4.50317554472302e-26,1.24042750074716
13.6175675675676,4.4936767469196e-26,1.23767847065608
13.6324324324324,4.48423344093713e-26,1.23493511962204
13.6472972972973,4.47484531320251e-26,1.23219741459237
13.6621621621622,4.4655120532752e-26,1.22946532269812
13.677027027027,4.45623335381842e-26,1.22673881125215
13.6918918918919,4.44700891057089e-26,1.22401784774738
13.7067567567568,4.43783842231879e-26,1.2213023998549
13.7216216216216,4.42872159086834e-26,1.21859243542225
13.7364864864865,4.41965812101857e-26,1.21588792247161
13.7513513513514,4.41064772053464e-26,1.21318882919805
13.7662162162162,4.40169010012145e-26,1.21049512396776
13.7810810810811,4.39278497339766e-26,1.20780677531638
13.7959459459459,4.3839320568701e-26,1.20512375194723
13.8108108108108,4.37513106990854e-26,1.20244602272964
13.8256756756757,4.36638173472081e-26,1.19977355669725
13.8405405405405,4.35768377632833e-26,1.19710632304637
13.8554054054054,4.34903692254194e-26,1.19444429113427
13.8702702702703,4.34044090393814e-26,1.19178743047761
13.8851351351351,4.33189545383562e-26,1.18913571075075
13.9,4.32340030827223e-26,1.18648910178417
13.9148648648649,4.31495520598217e-26,1.18384757356285
13.9297297297297,4.30655988837363e-26,1.18121109622472
13.9445945945946,4.29821409950671e-26,1.17857964005902
13.9594594594595,4.28991758607165e-26,1.1759531755048
13.9743243243243,4.28167009736747e-26,1.17333167314936
13.9891891891892,4.27347138528083e-26,1.17071510372666
14.0040540540541,4.26532120426531e-26,1.16810343811587
14.0189189189189,4.25721931132092e-26,1.16549664733981
14.0337837837838,4.24916546597399e-26,1.16289470256347
14.0486486486486,4.24115943025734e-26,1.1602975750925
14.0635135135135,4.23320096869075e-26,1.15770523637176
14.0783783783784,4.22528984826178e-26,1.15511765798382
14.0932432432432,4.21742583840681e-26,1.15253481164755
14.1081081081081,4.20960871099247e-26,1.14995666921662
14.122972972973,4.20183824029728e-26,1.14738320267813
14.1378378378378,4.19411420299369e-26,1.14481438415111
14.1527027027027,4.18643637813026e-26,1.1422501858852
14.1675675675676,4.17880454711429e-26,1.13969058025914
14.1824324324324,4.1712184936946e-26,1.13713553977949
14.1972972972973,4.16367800394468e-26,1.13458503707916
14.2121621621622,4.15618286624606e-26,1.13203904491607
14.227027027027,4.14873287127202e-26,1.12949753617181
14.2418918918919,4.14132781197149e-26,1.12696048385022
14.2567567567568,4.1339674835533e-26,1.12442786107614
14.2716216216216,4.12665168347069e-26,1.12189964109399
14.2864864864865,4.11938021140601e-26,1.11937579726647
14.3013513513514,4.11215286925578e-26,1.11685630307328
14.3162162162162,4.10496946111597e-26,1.11434113210974
14.3310810810811,4.09782979326753e-26,1.11183025808556
14.3459459459459,4.09073367416222e-26,1.1093236548235
14.3608108108108,4.08368091440864e-26,1.1068212962581
14.3756756756757,4.07667132675859e-26,1.10432315643441
14.3905405405405,4.06970472609358e-26,1.10182920950671
14.4054054054054,4.0627809294117e-26,1.09933942973727
14.4202702702703,4.05589975581467e-26,1.09685379149507
14.4351351351351,4.04906102649517e-26,1.09437226925456
14.45,4.04226456472439e-26,1.09189483759444
14.4648648648649,4.03551019583986e-26,1.08942147119642
14.4797297297297,4.02879774723347e-26,1.08695214484397
14.4945945945946,4.02212704833981e-26,1.08448683342115
14.5094594594595,4.01549793062467e-26,1.08202551191135
14.5243243243243,4.00891022757382e-26,1.07956815539612
14.5391891891892,4.00236377468206e-26,1.07711473905396
14.5540540540541,3.9958584094424e-26,1.07466523815913
14.5689189189189,3.98939397133562e-26,1.07221962808044
14.5837837837838,3.98297030181991e-26,1.06977788428013
14.5986486486486,3.97658724432092e-26,1.06733998231262
14.6135135135135,3.97024464422184e-26,1.06490589782342
14.6283783783784,3.9639423488539e-26,1.06247560654788
14.6432432432432,3.95768020748694e-26,1.06004908431011
14.6581081081081,3.95145807132037e-26,1.05762630702181
14.672972972973,3.9452757934742e-26,1.05520725068107
14.6878378378378,3.93913322898041e-26,1.05279189137129
14.7027027027027,3.93303023477449e-26,1.05038020526004
14.7175675675676,3.92696666968723e-26,1.04797216859788
14.7324324324324,3.92094239443675e-26,1.04556775771727
14.7472972972973,3.9149572716207e-26,1.04316694903144
14.7621621621622,3.90901116570876e-26,1.04076971903327
14.777027027027,3.90310394303527e-26,1.03837604429418
14.7918918918919,3.8972354717922e-26,1.03598590146299
14.8067567567568,3.89140562202225e-26,1.03359926726487
14.8216216216216,3.88561426561221e-26,1.03121611850017
14.8364864864865,3.87986127628653e-26,1.02883643204338
14.8513513513514,3.87414652960113e-26,1.02646018484199
14.8662162162162,3.86846990293742e-26,1.02408735391543
14.8810810810811,3.86283127549657e-26,1.02171791635397
14.8959459459459,3.85723052829394e-26,1.0193518493176
14.9108108108108,3.8516675441538e-26,1.01698913003501
14.9256756756757,3.84614220770422e-26,1.01462973580247
14.9405405405405,3.84065440537225e-26,1.01227364398274
14.9554054054054,3.83520402537923e-26,1.00992083200405
14.9702702702703,3.82979095773641e-26,1.00757127735896
14.9851351351351,3.82441509424075e-26,1.00522495760333
15,3.81907632847094e-26,1.00288185035527
